benchmark,date,index_value
NIFTY50,2022-01-03,17925.99
NIFTY50,2022-01-04,17734.3
NIFTY50,2022-01-05,17860.21
NIFTY50,2022-01-06,18039.98
NIFTY50,2022-01-07,18242.03
NIFTY50,2022-01-10,18271.38
NIFTY50,2022-01-11,18356.92
NIFTY50,2022-01-12,18538.45
NIFTY50,2022-01-13,18460.78
NIFTY50,2022-01-14,18609.85
NIFTY50,2022-01-17,18651.3
NIFTY50,2022-01-18,18776.19
NIFTY50,2022-01-19,18806.29
NIFTY50,2022-01-20,18982.57
NIFTY50,2022-01-21,19017.97
NIFTY50,2022-01-24,18826.12
NIFTY50,2022-01-25,19023.1
NIFTY50,2022-01-26,18902.64
NIFTY50,2022-01-27,19074.11
NIFTY50,2022-01-28,19067.78
NIFTY50,2022-01-31,19230.47
NIFTY50,2022-02-01,19388.99
NIFTY50,2022-02-02,19453.19
NIFTY50,2022-02-03,19528.28
NIFTY50,2022-02-04,19591.91
NIFTY50,2022-02-07,19321.6
NIFTY50,2022-02-08,19343.4
NIFTY50,2022-02-09,19198.09
NIFTY50,2022-02-10,19226.85
NIFTY50,2022-02-11,19078.79
NIFTY50,2022-02-14,18926.26
NIFTY50,2022-02-15,19144.57
NIFTY50,2022-02-16,19293.63
NIFTY50,2022-02-17,19298.86
NIFTY50,2022-02-18,19329.61
NIFTY50,2022-02-21,19301.87
NIFTY50,2022-02-22,19384.65
NIFTY50,2022-02-23,19298.73
NIFTY50,2022-02-24,19438.77
NIFTY50,2022-02-25,19410.16
NIFTY50,2022-02-28,19358.94
NIFTY50,2022-03-01,19367.69
NIFTY50,2022-03-02,19293.36
NIFTY50,2022-03-03,19343.53
NIFTY50,2022-03-04,19276.58
NIFTY50,2022-03-07,19345.58
NIFTY50,2022-03-08,19516.05
NIFTY50,2022-03-09,19423.64
NIFTY50,2022-03-10,19411.71
NIFTY50,2022-03-11,19480.22
NIFTY50,2022-03-14,19426.63
NIFTY50,2022-03-15,19495.6
NIFTY50,2022-03-16,19577.25
NIFTY50,2022-03-17,19731.57
NIFTY50,2022-03-18,19653.79
NIFTY50,2022-03-21,19529.98
NIFTY50,2022-03-22,19493.79
NIFTY50,2022-03-23,19367.58
NIFTY50,2022-03-24,19449.93
NIFTY50,2022-03-25,19297.59
NIFTY50,2022-03-28,19618.53
NIFTY50,2022-03-29,19802.38
NIFTY50,2022-03-30,19810.07
NIFTY50,2022-03-31,19936.29
NIFTY50,2022-04-01,19713.85
NIFTY50,2022-04-04,20067.98
NIFTY50,2022-04-05,19991.09
NIFTY50,2022-04-06,19980.23
NIFTY50,2022-04-07,19726.65
NIFTY50,2022-04-08,19799.72
NIFTY50,2022-04-11,19652.32
NIFTY50,2022-04-12,19672.2
NIFTY50,2022-04-13,19603.15
NIFTY50,2022-04-14,19461.14
NIFTY50,2022-04-15,19357.4
NIFTY50,2022-04-18,19393.81
NIFTY50,2022-04-19,19225.65
NIFTY50,2022-04-20,19130.65
NIFTY50,2022-04-21,19225.21
NIFTY50,2022-04-22,19581.21
NIFTY50,2022-04-25,19652.54
NIFTY50,2022-04-26,19532.25
NIFTY50,2022-04-27,19487.92
NIFTY50,2022-04-28,19498.08
NIFTY50,2022-04-29,19456.23
NIFTY50,2022-05-02,19585.06
NIFTY50,2022-05-03,19620.75
NIFTY50,2022-05-04,19751.33
NIFTY50,2022-05-05,19713.78
NIFTY50,2022-05-06,19902.61
NIFTY50,2022-05-09,19885.38
NIFTY50,2022-05-10,19756.16
NIFTY50,2022-05-11,20063.19
NIFTY50,2022-05-12,19812.91
NIFTY50,2022-05-13,19716.4
NIFTY50,2022-05-16,19635.77
NIFTY50,2022-05-17,19986.43
NIFTY50,2022-05-18,20245.22
NIFTY50,2022-05-19,20463.0
NIFTY50,2022-05-20,20421.78
NIFTY50,2022-05-23,20774.73
NIFTY50,2022-05-24,20834.53
NIFTY50,2022-05-25,20983.31
NIFTY50,2022-05-26,21016.0
NIFTY50,2022-05-27,21015.03
NIFTY50,2022-05-30,20984.29
NIFTY50,2022-05-31,20959.79
NIFTY50,2022-06-01,21055.36
NIFTY50,2022-06-02,21115.8
NIFTY50,2022-06-03,21117.48
NIFTY50,2022-06-06,21346.96
NIFTY50,2022-06-07,20910.04
NIFTY50,2022-06-08,20990.95
NIFTY50,2022-06-09,21102.71
NIFTY50,2022-06-10,21278.47
NIFTY50,2022-06-13,21275.19
NIFTY50,2022-06-14,21312.53
NIFTY50,2022-06-15,21466.02
NIFTY50,2022-06-16,21696.52
NIFTY50,2022-06-17,21657.39
NIFTY50,2022-06-20,21704.36
NIFTY50,2022-06-21,21965.9
NIFTY50,2022-06-22,21645.9
NIFTY50,2022-06-23,21547.84
NIFTY50,2022-06-24,21775.4
NIFTY50,2022-06-27,21948.47
NIFTY50,2022-06-28,22035.32
NIFTY50,2022-06-29,21972.74
NIFTY50,2022-06-30,21843.7
NIFTY50,2022-07-01,21759.85
NIFTY50,2022-07-04,22002.17
NIFTY50,2022-07-05,21911.98
NIFTY50,2022-07-06,21934.11
NIFTY50,2022-07-07,21824.97
NIFTY50,2022-07-08,21960.27
NIFTY50,2022-07-11,21884.04
NIFTY50,2022-07-12,21875.66
NIFTY50,2022-07-13,21624.44
NIFTY50,2022-07-14,21386.71
NIFTY50,2022-07-15,21394.28
NIFTY50,2022-07-18,21202.24
NIFTY50,2022-07-19,21521.03
NIFTY50,2022-07-20,21216.92
NIFTY50,2022-07-21,21104.45
NIFTY50,2022-07-22,21113.25
NIFTY50,2022-07-25,21065.62
NIFTY50,2022-07-26,20909.12
NIFTY50,2022-07-27,20775.19
NIFTY50,2022-07-28,20637.35
NIFTY50,2022-07-29,20602.12
NIFTY50,2022-08-01,20889.8
NIFTY50,2022-08-02,20907.46
NIFTY50,2022-08-03,21086.86
NIFTY50,2022-08-04,21168.02
NIFTY50,2022-08-05,21339.41
NIFTY50,2022-08-08,20927.57
NIFTY50,2022-08-09,20889.25
NIFTY50,2022-08-10,21086.65
NIFTY50,2022-08-11,21008.58
NIFTY50,2022-08-12,21274.07
NIFTY50,2022-08-15,21501.44
NIFTY50,2022-08-16,21437.28
NIFTY50,2022-08-17,21368.2
NIFTY50,2022-08-18,21223.0
NIFTY50,2022-08-19,21135.83
NIFTY50,2022-08-22,20959.81
NIFTY50,2022-08-23,21029.02
NIFTY50,2022-08-24,20820.99
NIFTY50,2022-08-25,20915.23
NIFTY50,2022-08-26,21013.46
NIFTY50,2022-08-29,20775.41
NIFTY50,2022-08-30,21007.03
NIFTY50,2022-08-31,21088.86
NIFTY50,2022-09-01,21205.85
NIFTY50,2022-09-02,21099.6
NIFTY50,2022-09-05,21197.85
NIFTY50,2022-09-06,21371.35
NIFTY50,2022-09-07,21363.01
NIFTY50,2022-09-08,21668.79
NIFTY50,2022-09-09,21681.97
NIFTY50,2022-09-12,21861.62
NIFTY50,2022-09-13,21913.02
NIFTY50,2022-09-14,22009.41
NIFTY50,2022-09-15,21758.51
NIFTY50,2022-09-16,21821.56
NIFTY50,2022-09-19,21715.83
NIFTY50,2022-09-20,21593.69
NIFTY50,2022-09-21,21863.8
NIFTY50,2022-09-22,21837.64
NIFTY50,2022-09-23,21690.82
NIFTY50,2022-09-26,21642.8
NIFTY50,2022-09-27,21452.28
NIFTY50,2022-09-28,21674.03
NIFTY50,2022-09-29,21574.99
NIFTY50,2022-09-30,21661.4
NIFTY50,2022-10-03,21873.52
NIFTY50,2022-10-04,21803.5
NIFTY50,2022-10-05,21891.24
NIFTY50,2022-10-06,21739.96
NIFTY50,2022-10-07,22118.68
NIFTY50,2022-10-10,22270.3
NIFTY50,2022-10-11,22246.95
NIFTY50,2022-10-12,22133.27
NIFTY50,2022-10-13,22122.25
NIFTY50,2022-10-14,22076.24
NIFTY50,2022-10-17,22384.66
NIFTY50,2022-10-18,22199.34
NIFTY50,2022-10-19,22226.95
NIFTY50,2022-10-20,22230.76
NIFTY50,2022-10-21,22219.16
NIFTY50,2022-10-24,22208.93
NIFTY50,2022-10-25,22197.55
NIFTY50,2022-10-26,22339.87
NIFTY50,2022-10-27,22441.8
NIFTY50,2022-10-28,22514.35
NIFTY50,2022-10-31,22042.94
NIFTY50,2022-11-01,22095.81
NIFTY50,2022-11-02,21846.36
NIFTY50,2022-11-03,21951.76
NIFTY50,2022-11-04,22184.92
NIFTY50,2022-11-07,22047.73
NIFTY50,2022-11-08,22013.94
NIFTY50,2022-11-09,21928.19
NIFTY50,2022-11-10,22124.4
NIFTY50,2022-11-11,22145.76
NIFTY50,2022-11-14,22420.33
NIFTY50,2022-11-15,22491.99
NIFTY50,2022-11-16,22536.91
NIFTY50,2022-11-17,22554.43
NIFTY50,2022-11-18,22690.34
NIFTY50,2022-11-21,22421.15
NIFTY50,2022-11-22,22441.27
NIFTY50,2022-11-23,22437.0
NIFTY50,2022-11-24,22557.66
NIFTY50,2022-11-25,22534.79
NIFTY50,2022-11-28,22377.7
NIFTY50,2022-11-29,22385.56
NIFTY50,2022-11-30,22222.6
NIFTY50,2022-12-01,21929.77
NIFTY50,2022-12-02,22047.97
NIFTY50,2022-12-05,22143.96
NIFTY50,2022-12-06,22223.0
NIFTY50,2022-12-07,22432.35
NIFTY50,2022-12-08,22334.66
NIFTY50,2022-12-09,22117.61
NIFTY50,2022-12-12,22113.41
NIFTY50,2022-12-13,22066.25
NIFTY50,2022-12-14,21942.76
NIFTY50,2022-12-15,21937.08
NIFTY50,2022-12-16,21849.75
NIFTY50,2022-12-19,21575.49
NIFTY50,2022-12-20,21515.33
NIFTY50,2022-12-21,21350.64
NIFTY50,2022-12-22,21391.66
NIFTY50,2022-12-23,21299.85
NIFTY50,2022-12-26,21471.98
NIFTY50,2022-12-27,21719.49
NIFTY50,2022-12-28,21829.29
NIFTY50,2022-12-29,21598.84
NIFTY50,2022-12-30,21832.89
NIFTY50,2023-01-02,22080.26
NIFTY50,2023-01-03,22089.79
NIFTY50,2023-01-04,22300.98
NIFTY50,2023-01-05,22221.55
NIFTY50,2023-01-06,21937.92
NIFTY50,2023-01-09,21827.74
NIFTY50,2023-01-10,22098.52
NIFTY50,2023-01-11,21874.5
NIFTY50,2023-01-12,21880.98
NIFTY50,2023-01-13,21892.78
NIFTY50,2023-01-16,21820.73
NIFTY50,2023-01-17,21759.53
NIFTY50,2023-01-18,21777.07
NIFTY50,2023-01-19,21697.9
NIFTY50,2023-01-20,21488.42
NIFTY50,2023-01-23,21527.21
NIFTY50,2023-01-24,21695.42
NIFTY50,2023-01-25,21833.99
NIFTY50,2023-01-26,21716.78
NIFTY50,2023-01-27,21533.09
NIFTY50,2023-01-30,21496.71
NIFTY50,2023-01-31,21739.08
NIFTY50,2023-02-01,21843.84
NIFTY50,2023-02-02,21958.03
NIFTY50,2023-02-03,22101.4
NIFTY50,2023-02-06,22173.13
NIFTY50,2023-02-07,22198.5
NIFTY50,2023-02-08,22308.07
NIFTY50,2023-02-09,22229.48
NIFTY50,2023-02-10,22016.05
NIFTY50,2023-02-13,22134.07
NIFTY50,2023-02-14,22332.49
NIFTY50,2023-02-15,22164.38
NIFTY50,2023-02-16,22298.55
NIFTY50,2023-02-17,22567.59
NIFTY50,2023-02-20,22574.0
NIFTY50,2023-02-21,22451.52
NIFTY50,2023-02-22,22477.59
NIFTY50,2023-02-23,22397.71
NIFTY50,2023-02-24,22307.73
NIFTY50,2023-02-27,22382.07
NIFTY50,2023-02-28,22137.52
NIFTY50,2023-03-01,21920.41
NIFTY50,2023-03-02,21929.94
NIFTY50,2023-03-03,21933.1
NIFTY50,2023-03-06,21992.42
NIFTY50,2023-03-07,22287.71
NIFTY50,2023-03-08,22310.7
NIFTY50,2023-03-09,22410.81
NIFTY50,2023-03-10,22264.5
NIFTY50,2023-03-13,22390.86
NIFTY50,2023-03-14,22315.07
NIFTY50,2023-03-15,22332.92
NIFTY50,2023-03-16,22322.61
NIFTY50,2023-03-17,22490.71
NIFTY50,2023-03-20,22291.23
NIFTY50,2023-03-21,21941.64
NIFTY50,2023-03-22,21915.44
NIFTY50,2023-03-23,21993.89
NIFTY50,2023-03-24,22023.93
NIFTY50,2023-03-27,22220.51
NIFTY50,2023-03-28,22295.2
NIFTY50,2023-03-29,22213.89
NIFTY50,2023-03-30,21858.96
NIFTY50,2023-03-31,21829.21
NIFTY50,2023-04-03,21992.83
NIFTY50,2023-04-04,21939.07
NIFTY50,2023-04-05,21950.01
NIFTY50,2023-04-06,22021.33
NIFTY50,2023-04-07,21871.43
NIFTY50,2023-04-10,21973.41
NIFTY50,2023-04-11,22231.82
NIFTY50,2023-04-12,22211.59
NIFTY50,2023-04-13,22042.71
NIFTY50,2023-04-14,22039.04
NIFTY50,2023-04-17,21702.49
NIFTY50,2023-04-18,21760.18
NIFTY50,2023-04-19,21835.6
NIFTY50,2023-04-20,22098.27
NIFTY50,2023-04-21,22074.89
NIFTY50,2023-04-24,22144.64
NIFTY50,2023-04-25,22017.77
NIFTY50,2023-04-26,21969.44
NIFTY50,2023-04-27,21741.48
NIFTY50,2023-04-28,21718.36
NIFTY50,2023-05-01,21678.46
NIFTY50,2023-05-02,21730.36
NIFTY50,2023-05-03,21642.03
NIFTY50,2023-05-04,21661.15
NIFTY50,2023-05-05,21617.09
NIFTY50,2023-05-08,21573.42
NIFTY50,2023-05-09,21592.02
NIFTY50,2023-05-10,21604.63
NIFTY50,2023-05-11,21726.22
NIFTY50,2023-05-12,21714.39
NIFTY50,2023-05-15,21667.72
NIFTY50,2023-05-16,21646.8
NIFTY50,2023-05-17,21545.0
NIFTY50,2023-05-18,21497.19
NIFTY50,2023-05-19,21809.28
NIFTY50,2023-05-22,21676.49
NIFTY50,2023-05-23,21640.71
NIFTY50,2023-05-24,21588.51
NIFTY50,2023-05-25,21557.63
NIFTY50,2023-05-26,21514.11
NIFTY50,2023-05-29,21562.62
NIFTY50,2023-05-30,21310.96
NIFTY50,2023-05-31,21472.07
NIFTY50,2023-06-01,21573.6
NIFTY50,2023-06-02,21392.38
NIFTY50,2023-06-05,21059.01
NIFTY50,2023-06-06,20921.29
NIFTY50,2023-06-07,20892.03
NIFTY50,2023-06-08,21275.65
NIFTY50,2023-06-09,21362.94
NIFTY50,2023-06-12,21099.04
NIFTY50,2023-06-13,21003.51
NIFTY50,2023-06-14,21001.99
NIFTY50,2023-06-15,21045.59
NIFTY50,2023-06-16,20858.21
NIFTY50,2023-06-19,20844.76
NIFTY50,2023-06-20,20746.3
NIFTY50,2023-06-21,20592.23
NIFTY50,2023-06-22,20635.83
NIFTY50,2023-06-23,20753.81
NIFTY50,2023-06-26,20882.22
NIFTY50,2023-06-27,20972.44
NIFTY50,2023-06-28,20905.72
NIFTY50,2023-06-29,21016.56
NIFTY50,2023-06-30,21068.33
NIFTY50,2023-07-03,21094.4
NIFTY50,2023-07-04,21010.41
NIFTY50,2023-07-05,20943.63
NIFTY50,2023-07-06,20960.75
NIFTY50,2023-07-07,21325.03
NIFTY50,2023-07-10,21376.39
NIFTY50,2023-07-11,21291.35
NIFTY50,2023-07-12,21173.68
NIFTY50,2023-07-13,21107.14
NIFTY50,2023-07-14,21435.17
NIFTY50,2023-07-17,21381.7
NIFTY50,2023-07-18,21523.84
NIFTY50,2023-07-19,21473.66
NIFTY50,2023-07-20,21519.36
NIFTY50,2023-07-21,21645.08
NIFTY50,2023-07-24,21564.92
NIFTY50,2023-07-25,21474.61
NIFTY50,2023-07-26,21730.42
NIFTY50,2023-07-27,21886.71
NIFTY50,2023-07-28,22014.41
NIFTY50,2023-07-31,22142.34
NIFTY50,2023-08-01,22220.21
NIFTY50,2023-08-02,22540.73
NIFTY50,2023-08-03,22554.42
NIFTY50,2023-08-04,22652.32
NIFTY50,2023-08-07,22429.05
NIFTY50,2023-08-08,22306.26
NIFTY50,2023-08-09,22125.45
NIFTY50,2023-08-10,22329.41
NIFTY50,2023-08-11,21937.13
NIFTY50,2023-08-14,21881.94
NIFTY50,2023-08-15,21429.94
NIFTY50,2023-08-16,21311.67
NIFTY50,2023-08-17,21244.83
NIFTY50,2023-08-18,21457.15
NIFTY50,2023-08-21,21523.16
NIFTY50,2023-08-22,21404.09
NIFTY50,2023-08-23,21570.23
NIFTY50,2023-08-24,21579.39
NIFTY50,2023-08-25,21591.54
NIFTY50,2023-08-28,21416.24
NIFTY50,2023-08-29,21274.25
NIFTY50,2023-08-30,21157.76
NIFTY50,2023-08-31,21170.99
NIFTY50,2023-09-01,21188.88
NIFTY50,2023-09-04,21424.26
NIFTY50,2023-09-05,21488.44
NIFTY50,2023-09-06,21087.61
NIFTY50,2023-09-07,21132.71
NIFTY50,2023-09-08,20924.55
NIFTY50,2023-09-11,20789.34
NIFTY50,2023-09-12,20677.39
NIFTY50,2023-09-13,20587.58
NIFTY50,2023-09-14,20395.57
NIFTY50,2023-09-15,20430.74
NIFTY50,2023-09-18,20235.11
NIFTY50,2023-09-19,20291.7
NIFTY50,2023-09-20,20615.53
NIFTY50,2023-09-21,20429.88
NIFTY50,2023-09-22,20395.32
NIFTY50,2023-09-25,20041.17
NIFTY50,2023-09-26,20004.96
NIFTY50,2023-09-27,20100.97
NIFTY50,2023-09-28,20208.4
NIFTY50,2023-09-29,20225.4
NIFTY50,2023-10-02,20357.37
NIFTY50,2023-10-03,20726.3
NIFTY50,2023-10-04,20980.94
NIFTY50,2023-10-05,20910.49
NIFTY50,2023-10-06,20704.36
NIFTY50,2023-10-09,20651.71
NIFTY50,2023-10-10,20521.01
NIFTY50,2023-10-11,20592.0
NIFTY50,2023-10-12,20427.92
NIFTY50,2023-10-13,20423.63
NIFTY50,2023-10-16,20549.57
NIFTY50,2023-10-17,20541.25
NIFTY50,2023-10-18,20411.34
NIFTY50,2023-10-19,20585.32
NIFTY50,2023-10-20,20320.74
NIFTY50,2023-10-23,20280.21
NIFTY50,2023-10-24,20280.38
NIFTY50,2023-10-25,20288.72
NIFTY50,2023-10-26,20320.44
NIFTY50,2023-10-27,20413.37
NIFTY50,2023-10-30,20414.43
NIFTY50,2023-10-31,20367.96
NIFTY50,2023-11-01,20315.96
NIFTY50,2023-11-02,20235.09
NIFTY50,2023-11-03,20352.71
NIFTY50,2023-11-06,20266.71
NIFTY50,2023-11-07,20392.92
NIFTY50,2023-11-08,20401.75
NIFTY50,2023-11-09,20333.43
NIFTY50,2023-11-10,20427.55
NIFTY50,2023-11-13,20329.65
NIFTY50,2023-11-14,20426.57
NIFTY50,2023-11-15,20463.12
NIFTY50,2023-11-16,20383.84
NIFTY50,2023-11-17,20465.38
NIFTY50,2023-11-20,20549.82
NIFTY50,2023-11-21,20722.5
NIFTY50,2023-11-22,20868.86
NIFTY50,2023-11-23,20946.89
NIFTY50,2023-11-24,20787.83
NIFTY50,2023-11-27,21150.38
NIFTY50,2023-11-28,20948.91
NIFTY50,2023-11-29,21094.4
NIFTY50,2023-11-30,21164.41
NIFTY50,2023-12-01,20996.81
NIFTY50,2023-12-04,20984.84
NIFTY50,2023-12-05,20979.57
NIFTY50,2023-12-06,21177.59
NIFTY50,2023-12-07,21078.2
NIFTY50,2023-12-08,21045.88
NIFTY50,2023-12-11,20708.04
NIFTY50,2023-12-12,20965.72
NIFTY50,2023-12-13,20814.9
NIFTY50,2023-12-14,20868.78
NIFTY50,2023-12-15,20860.23
NIFTY50,2023-12-18,20852.18
NIFTY50,2023-12-19,20976.64
NIFTY50,2023-12-20,21228.34
NIFTY50,2023-12-21,21272.08
NIFTY50,2023-12-22,21376.0
NIFTY50,2023-12-25,21431.63
NIFTY50,2023-12-26,21590.71
NIFTY50,2023-12-27,21527.22
NIFTY50,2023-12-28,21695.73
NIFTY50,2023-12-29,21870.89
NIFTY50,2024-01-01,22043.19
NIFTY50,2024-01-02,21947.94
NIFTY50,2024-01-03,21928.66
NIFTY50,2024-01-04,21972.0
NIFTY50,2024-01-05,21767.75
NIFTY50,2024-01-08,22017.3
NIFTY50,2024-01-09,22022.02
NIFTY50,2024-01-10,22072.39
NIFTY50,2024-01-11,21989.86
NIFTY50,2024-01-12,21792.21
NIFTY50,2024-01-15,21706.61
NIFTY50,2024-01-16,21746.43
NIFTY50,2024-01-17,21855.47
NIFTY50,2024-01-18,21886.77
NIFTY50,2024-01-19,21946.46
NIFTY50,2024-01-22,21901.27
NIFTY50,2024-01-23,21983.92
NIFTY50,2024-01-24,22218.7
NIFTY50,2024-01-25,22334.99
NIFTY50,2024-01-26,22468.25
NIFTY50,2024-01-29,22521.24
NIFTY50,2024-01-30,22291.02
NIFTY50,2024-01-31,22134.7
NIFTY50,2024-02-01,22211.82
NIFTY50,2024-02-02,22216.79
NIFTY50,2024-02-05,22291.85
NIFTY50,2024-02-06,22560.14
NIFTY50,2024-02-07,22681.56
NIFTY50,2024-02-08,22888.24
NIFTY50,2024-02-09,22910.28
NIFTY50,2024-02-12,22787.69
NIFTY50,2024-02-13,22785.3
NIFTY50,2024-02-14,22663.78
NIFTY50,2024-02-15,22917.8
NIFTY50,2024-02-16,23051.47
NIFTY50,2024-02-19,23142.38
NIFTY50,2024-02-20,23349.54
NIFTY50,2024-02-21,23026.37
NIFTY50,2024-02-22,23128.08
NIFTY50,2024-02-23,22922.83
NIFTY50,2024-02-26,22928.54
NIFTY50,2024-02-27,22885.39
NIFTY50,2024-02-28,22998.26
NIFTY50,2024-02-29,23041.9
NIFTY50,2024-03-01,23265.77
NIFTY50,2024-03-04,23174.72
NIFTY50,2024-03-05,23296.71
NIFTY50,2024-03-06,23330.15
NIFTY50,2024-03-07,23070.09
NIFTY50,2024-03-08,22928.67
NIFTY50,2024-03-11,22911.49
NIFTY50,2024-03-12,23096.75
NIFTY50,2024-03-13,23178.65
NIFTY50,2024-03-14,22996.18
NIFTY50,2024-03-15,22980.49
NIFTY50,2024-03-18,23311.98
NIFTY50,2024-03-19,23337.12
NIFTY50,2024-03-20,23290.65
NIFTY50,2024-03-21,23377.81
NIFTY50,2024-03-22,23509.75
NIFTY50,2024-03-25,23441.73
NIFTY50,2024-03-26,23531.23
NIFTY50,2024-03-27,23484.12
NIFTY50,2024-03-28,23609.41
NIFTY50,2024-03-29,23644.54
NIFTY50,2024-04-01,23731.4
NIFTY50,2024-04-02,23612.41
NIFTY50,2024-04-03,23483.74
NIFTY50,2024-04-04,23646.21
NIFTY50,2024-04-05,23640.17
NIFTY50,2024-04-08,23694.43
NIFTY50,2024-04-09,23650.71
NIFTY50,2024-04-10,23806.6
NIFTY50,2024-04-11,23712.45
NIFTY50,2024-04-12,23697.06
NIFTY50,2024-04-15,23834.55
NIFTY50,2024-04-16,24037.4
NIFTY50,2024-04-17,23956.48
NIFTY50,2024-04-18,24292.3
NIFTY50,2024-04-19,24352.85
NIFTY50,2024-04-22,24182.37
NIFTY50,2024-04-23,24252.09
NIFTY50,2024-04-24,24194.35
NIFTY50,2024-04-25,24275.12
NIFTY50,2024-04-26,24275.12
NIFTY50,2024-04-29,24295.03
NIFTY50,2024-04-30,24147.28
NIFTY50,2024-05-01,24321.88
NIFTY50,2024-05-02,24132.34
NIFTY50,2024-05-03,23952.28
NIFTY50,2024-05-06,24021.06
NIFTY50,2024-05-07,24297.78
NIFTY50,2024-05-08,24245.1
NIFTY50,2024-05-09,24371.34
NIFTY50,2024-05-10,24561.76
NIFTY50,2024-05-13,24709.2
NIFTY50,2024-05-14,24662.79
NIFTY50,2024-05-15,24481.83
NIFTY50,2024-05-16,24110.86
NIFTY50,2024-05-17,24073.73
NIFTY50,2024-05-20,24279.48
NIFTY50,2024-05-21,24095.7
NIFTY50,2024-05-22,24221.04
NIFTY50,2024-05-23,24067.21
NIFTY50,2024-05-24,24092.3
NIFTY50,2024-05-27,24218.89
NIFTY50,2024-05-28,24114.35
NIFTY50,2024-05-29,24150.36
NIFTY50,2024-05-30,24087.44
NIFTY50,2024-05-31,24213.56
NIFTY50,2024-06-03,24260.71
NIFTY50,2024-06-04,24277.58
NIFTY50,2024-06-05,24549.7
NIFTY50,2024-06-06,24670.88
NIFTY50,2024-06-07,24559.06
NIFTY50,2024-06-10,24551.66
NIFTY50,2024-06-11,24545.99
NIFTY50,2024-06-12,24567.15
NIFTY50,2024-06-13,25008.66
NIFTY50,2024-06-14,25081.08
NIFTY50,2024-06-17,24731.17
NIFTY50,2024-06-18,24644.62
NIFTY50,2024-06-19,24318.66
NIFTY50,2024-06-20,24269.81
NIFTY50,2024-06-21,23939.47
NIFTY50,2024-06-24,23800.59
NIFTY50,2024-06-25,23554.38
NIFTY50,2024-06-26,23624.78
NIFTY50,2024-06-27,23631.96
NIFTY50,2024-06-28,23689.17
NIFTY50,2024-07-01,23678.94
NIFTY50,2024-07-02,23454.93
NIFTY50,2024-07-03,23546.28
NIFTY50,2024-07-04,23870.17
NIFTY50,2024-07-05,23945.71
NIFTY50,2024-07-08,23881.5
NIFTY50,2024-07-09,23649.93
NIFTY50,2024-07-10,23506.7
NIFTY50,2024-07-11,23588.3
NIFTY50,2024-07-12,23772.56
NIFTY50,2024-07-15,23823.11
NIFTY50,2024-07-16,23963.64
NIFTY50,2024-07-17,24089.54
NIFTY50,2024-07-18,24182.18
NIFTY50,2024-07-19,24077.98
NIFTY50,2024-07-22,24114.51
NIFTY50,2024-07-23,23978.54
NIFTY50,2024-07-24,23988.66
NIFTY50,2024-07-25,24051.41
NIFTY50,2024-07-26,24341.27
NIFTY50,2024-07-29,24125.41
NIFTY50,2024-07-30,24213.96
NIFTY50,2024-07-31,24472.29
NIFTY50,2024-08-01,24609.63
NIFTY50,2024-08-02,24760.5
NIFTY50,2024-08-05,24869.79
NIFTY50,2024-08-06,25103.28
NIFTY50,2024-08-07,24919.71
NIFTY50,2024-08-08,24685.43
NIFTY50,2024-08-09,24691.74
NIFTY50,2024-08-12,24325.61
NIFTY50,2024-08-13,24542.46
NIFTY50,2024-08-14,24759.54
NIFTY50,2024-08-15,24691.86
NIFTY50,2024-08-16,24635.18
NIFTY50,2024-08-19,24630.1
NIFTY50,2024-08-20,24646.45
NIFTY50,2024-08-21,24675.79
NIFTY50,2024-08-22,24779.62
NIFTY50,2024-08-23,24757.11
NIFTY50,2024-08-26,24927.99
NIFTY50,2024-08-27,25013.28
NIFTY50,2024-08-28,24914.51
NIFTY50,2024-08-29,25154.83
NIFTY50,2024-08-30,24923.21
NIFTY50,2024-09-02,24914.61
NIFTY50,2024-09-03,25090.72
NIFTY50,2024-09-04,24971.25
NIFTY50,2024-09-05,25032.85
NIFTY50,2024-09-06,25135.57
NIFTY50,2024-09-09,24991.7
NIFTY50,2024-09-10,24986.52
NIFTY50,2024-09-11,24966.64
NIFTY50,2024-09-12,24877.7
NIFTY50,2024-09-13,25285.99
NIFTY50,2024-09-16,25158.51
NIFTY50,2024-09-17,25343.03
NIFTY50,2024-09-18,25280.95
NIFTY50,2024-09-19,25096.24
NIFTY50,2024-09-20,25121.83
NIFTY50,2024-09-23,25243.51
NIFTY50,2024-09-24,25413.74
NIFTY50,2024-09-25,25699.28
NIFTY50,2024-09-26,26236.83
NIFTY50,2024-09-27,26290.71
NIFTY50,2024-09-30,26176.56
NIFTY50,2024-10-01,26267.4
NIFTY50,2024-10-02,26226.33
NIFTY50,2024-10-03,26404.19
NIFTY50,2024-10-04,26172.36
NIFTY50,2024-10-07,26614.11
NIFTY50,2024-10-08,26781.57
NIFTY50,2024-10-09,26473.9
NIFTY50,2024-10-10,26350.45
NIFTY50,2024-10-11,26508.88
NIFTY50,2024-10-14,26735.12
NIFTY50,2024-10-15,26505.05
NIFTY50,2024-10-16,26645.29
NIFTY50,2024-10-17,26290.07
NIFTY50,2024-10-18,26281.52
NIFTY50,2024-10-21,26493.99
NIFTY50,2024-10-22,26399.65
NIFTY50,2024-10-23,26129.1
NIFTY50,2024-10-24,26163.68
NIFTY50,2024-10-25,26060.78
NIFTY50,2024-10-28,26183.44
NIFTY50,2024-10-29,26029.03
NIFTY50,2024-10-30,25896.06
NIFTY50,2024-10-31,25537.48
NIFTY50,2024-11-01,25575.52
NIFTY50,2024-11-04,25554.39
NIFTY50,2024-11-05,25349.47
NIFTY50,2024-11-06,25391.47
NIFTY50,2024-11-07,25581.64
NIFTY50,2024-11-08,25550.71
NIFTY50,2024-11-11,25606.34
NIFTY50,2024-11-12,25663.01
NIFTY50,2024-11-13,25454.36
NIFTY50,2024-11-14,25828.44
NIFTY50,2024-11-15,25751.06
NIFTY50,2024-11-18,25877.05
NIFTY50,2024-11-19,26024.15
NIFTY50,2024-11-20,26006.53
NIFTY50,2024-11-21,26124.8
NIFTY50,2024-11-22,26177.59
NIFTY50,2024-11-25,25925.67
NIFTY50,2024-11-26,25873.15
NIFTY50,2024-11-27,25769.97
NIFTY50,2024-11-28,25694.4
NIFTY50,2024-11-29,25467.57
NIFTY50,2024-12-02,25676.03
NIFTY50,2024-12-03,25971.66
NIFTY50,2024-12-04,26157.25
NIFTY50,2024-12-05,26397.73
NIFTY50,2024-12-06,26341.97
NIFTY50,2024-12-09,26232.55
NIFTY50,2024-12-10,26097.45
NIFTY50,2024-12-11,26222.94
NIFTY50,2024-12-12,26272.49
NIFTY50,2024-12-13,26266.17
NIFTY50,2024-12-16,26512.18
NIFTY50,2024-12-17,26595.28
NIFTY50,2024-12-18,26447.13
NIFTY50,2024-12-19,26329.01
NIFTY50,2024-12-20,26462.6
NIFTY50,2024-12-23,26663.51
NIFTY50,2024-12-24,26774.47
NIFTY50,2024-12-25,27138.02
NIFTY50,2024-12-26,27456.76
NIFTY50,2024-12-27,27549.76
NIFTY50,2024-12-30,27396.31
NIFTY50,2024-12-31,27153.31
NIFTY100,2022-01-03,17956.59
NIFTY100,2022-01-04,18056.65
NIFTY100,2022-01-05,18292.95
NIFTY100,2022-01-06,18351.89
NIFTY100,2022-01-07,18507.54
NIFTY100,2022-01-10,18481.31
NIFTY100,2022-01-11,18567.42
NIFTY100,2022-01-12,18680.0
NIFTY100,2022-01-13,18426.76
NIFTY100,2022-01-14,18378.96
NIFTY100,2022-01-17,18506.65
NIFTY100,2022-01-18,18547.76
NIFTY100,2022-01-19,18397.98
NIFTY100,2022-01-20,18090.53
NIFTY100,2022-01-21,18049.64
NIFTY100,2022-01-24,18046.01
NIFTY100,2022-01-25,17939.76
NIFTY100,2022-01-26,17963.11
NIFTY100,2022-01-27,18032.18
NIFTY100,2022-01-28,18122.24
NIFTY100,2022-01-31,17828.82
NIFTY100,2022-02-01,17670.14
NIFTY100,2022-02-02,17637.76
NIFTY100,2022-02-03,17713.7
NIFTY100,2022-02-04,17779.67
NIFTY100,2022-02-07,17843.74
NIFTY100,2022-02-08,17801.2
NIFTY100,2022-02-09,17765.71
NIFTY100,2022-02-10,17680.47
NIFTY100,2022-02-11,17780.85
NIFTY100,2022-02-14,17671.61
NIFTY100,2022-02-15,17782.06
NIFTY100,2022-02-16,17813.27
NIFTY100,2022-02-17,17813.0
NIFTY100,2022-02-18,17736.45
NIFTY100,2022-02-21,17573.48
NIFTY100,2022-02-22,17499.08
NIFTY100,2022-02-23,17463.91
NIFTY100,2022-02-24,17179.54
NIFTY100,2022-02-25,17160.96
NIFTY100,2022-02-28,17277.15
NIFTY100,2022-03-01,17350.93
NIFTY100,2022-03-02,17295.87
NIFTY100,2022-03-03,17306.74
NIFTY100,2022-03-04,17244.55
NIFTY100,2022-03-07,17267.68
NIFTY100,2022-03-08,17459.02
NIFTY100,2022-03-09,17582.62
NIFTY100,2022-03-10,17652.0
NIFTY100,2022-03-11,17596.39
NIFTY100,2022-03-14,17694.04
NIFTY100,2022-03-15,17490.42
NIFTY100,2022-03-16,17464.77
NIFTY100,2022-03-17,17541.37
NIFTY100,2022-03-18,17637.55
NIFTY100,2022-03-21,17725.54
NIFTY100,2022-03-22,17767.44
NIFTY100,2022-03-23,17748.43
NIFTY100,2022-03-24,17820.59
NIFTY100,2022-03-25,17707.07
NIFTY100,2022-03-28,17607.69
NIFTY100,2022-03-29,17620.58
NIFTY100,2022-03-30,17647.23
NIFTY100,2022-03-31,17427.0
NIFTY100,2022-04-01,17487.76
NIFTY100,2022-04-04,17587.59
NIFTY100,2022-04-05,17583.36
NIFTY100,2022-04-06,17880.89
NIFTY100,2022-04-07,17800.77
NIFTY100,2022-04-08,17761.12
NIFTY100,2022-04-11,17717.33
NIFTY100,2022-04-12,17713.2
NIFTY100,2022-04-13,17677.75
NIFTY100,2022-04-14,17508.97
NIFTY100,2022-04-15,17447.24
NIFTY100,2022-04-18,17440.55
NIFTY100,2022-04-19,17595.77
NIFTY100,2022-04-20,17872.3
NIFTY100,2022-04-21,18044.74
NIFTY100,2022-04-22,17952.21
NIFTY100,2022-04-25,17870.15
NIFTY100,2022-04-26,17855.59
NIFTY100,2022-04-27,18083.99
NIFTY100,2022-04-28,18068.48
NIFTY100,2022-04-29,17906.0
NIFTY100,2022-05-02,17848.55
NIFTY100,2022-05-03,17948.49
NIFTY100,2022-05-04,18040.56
NIFTY100,2022-05-05,18020.69
NIFTY100,2022-05-06,18112.3
NIFTY100,2022-05-09,17829.53
NIFTY100,2022-05-10,17847.84
NIFTY100,2022-05-11,17960.72
NIFTY100,2022-05-12,17861.4
NIFTY100,2022-05-13,17762.19
NIFTY100,2022-05-16,17535.45
NIFTY100,2022-05-17,17735.87
NIFTY100,2022-05-18,17651.78
NIFTY100,2022-05-19,17686.86
NIFTY100,2022-05-20,17766.94
NIFTY100,2022-05-23,17960.32
NIFTY100,2022-05-24,17946.36
NIFTY100,2022-05-25,17883.98
NIFTY100,2022-05-26,17911.01
NIFTY100,2022-05-27,18077.38
NIFTY100,2022-05-30,18061.27
NIFTY100,2022-05-31,17945.96
NIFTY100,2022-06-01,17757.79
NIFTY100,2022-06-02,17611.31
NIFTY100,2022-06-03,17723.15
NIFTY100,2022-06-06,17688.69
NIFTY100,2022-06-07,17618.77
NIFTY100,2022-06-08,17535.76
NIFTY100,2022-06-09,17551.46
NIFTY100,2022-06-10,17527.3
NIFTY100,2022-06-13,17499.05
NIFTY100,2022-06-14,17669.58
NIFTY100,2022-06-15,17865.12
NIFTY100,2022-06-16,17669.14
NIFTY100,2022-06-17,17714.95
NIFTY100,2022-06-20,17623.93
NIFTY100,2022-06-21,17598.6
NIFTY100,2022-06-22,17641.97
NIFTY100,2022-06-23,17621.0
NIFTY100,2022-06-24,17654.71
NIFTY100,2022-06-27,17743.17
NIFTY100,2022-06-28,17785.08
NIFTY100,2022-06-29,17709.89
NIFTY100,2022-06-30,17637.2
NIFTY100,2022-07-01,17464.75
NIFTY100,2022-07-04,17365.59
NIFTY100,2022-07-05,17609.31
NIFTY100,2022-07-06,17516.97
NIFTY100,2022-07-07,17375.89
NIFTY100,2022-07-08,17420.02
NIFTY100,2022-07-11,17411.78
NIFTY100,2022-07-12,17393.17
NIFTY100,2022-07-13,17569.94
NIFTY100,2022-07-14,17642.75
NIFTY100,2022-07-15,17582.59
NIFTY100,2022-07-18,17535.62
NIFTY100,2022-07-19,17479.19
NIFTY100,2022-07-20,17591.46
NIFTY100,2022-07-21,17558.79
NIFTY100,2022-07-22,17343.66
NIFTY100,2022-07-25,17343.0
NIFTY100,2022-07-26,17161.6
NIFTY100,2022-07-27,17429.15
NIFTY100,2022-07-28,17316.56
NIFTY100,2022-07-29,17302.13
NIFTY100,2022-08-01,17338.6
NIFTY100,2022-08-02,17308.76
NIFTY100,2022-08-03,17278.82
NIFTY100,2022-08-04,17335.02
NIFTY100,2022-08-05,17525.42
NIFTY100,2022-08-08,17624.83
NIFTY100,2022-08-09,17812.53
NIFTY100,2022-08-10,17687.37
NIFTY100,2022-08-11,17731.97
NIFTY100,2022-08-12,17756.56
NIFTY100,2022-08-15,17805.53
NIFTY100,2022-08-16,17982.4
NIFTY100,2022-08-17,17960.01
NIFTY100,2022-08-18,17914.41
NIFTY100,2022-08-19,17986.75
NIFTY100,2022-08-22,17768.26
NIFTY100,2022-08-23,17744.13
NIFTY100,2022-08-24,17732.78
NIFTY100,2022-08-25,17623.86
NIFTY100,2022-08-26,17759.55
NIFTY100,2022-08-29,17632.83
NIFTY100,2022-08-30,17621.35
NIFTY100,2022-08-31,17662.79
NIFTY100,2022-09-01,17835.43
NIFTY100,2022-09-02,17839.46
NIFTY100,2022-09-05,17961.72
NIFTY100,2022-09-06,18055.19
NIFTY100,2022-09-07,18076.21
NIFTY100,2022-09-08,17943.78
NIFTY100,2022-09-09,17768.97
NIFTY100,2022-09-12,17787.55
NIFTY100,2022-09-13,17725.31
NIFTY100,2022-09-14,17844.69
NIFTY100,2022-09-15,17943.21
NIFTY100,2022-09-16,17925.4
NIFTY100,2022-09-19,17785.51
NIFTY100,2022-09-20,17854.43
NIFTY100,2022-09-21,17732.57
NIFTY100,2022-09-22,17643.74
NIFTY100,2022-09-23,17528.07
NIFTY100,2022-09-26,17516.33
NIFTY100,2022-09-27,17665.07
NIFTY100,2022-09-28,17669.75
NIFTY100,2022-09-29,17620.23
NIFTY100,2022-09-30,17437.34
NIFTY100,2022-10-03,17509.97
NIFTY100,2022-10-04,17419.56
NIFTY100,2022-10-05,17439.12
NIFTY100,2022-10-06,17401.11
NIFTY100,2022-10-07,17508.43
NIFTY100,2022-10-10,17494.41
NIFTY100,2022-10-11,17492.44
NIFTY100,2022-10-12,17557.17
NIFTY100,2022-10-13,17821.38
NIFTY100,2022-10-14,17937.56
NIFTY100,2022-10-17,17931.81
NIFTY100,2022-10-18,17937.6
NIFTY100,2022-10-19,17877.07
NIFTY100,2022-10-20,17763.55
NIFTY100,2022-10-21,17700.15
NIFTY100,2022-10-24,17609.79
NIFTY100,2022-10-25,17695.61
NIFTY100,2022-10-26,17568.23
NIFTY100,2022-10-27,17737.46
NIFTY100,2022-10-28,17836.16
NIFTY100,2022-10-31,17844.07
NIFTY100,2022-11-01,17849.46
NIFTY100,2022-11-02,17785.19
NIFTY100,2022-11-03,17824.15
NIFTY100,2022-11-04,17965.25
NIFTY100,2022-11-07,17882.22
NIFTY100,2022-11-08,17695.64
NIFTY100,2022-11-09,17788.05
NIFTY100,2022-11-10,17833.78
NIFTY100,2022-11-11,17699.29
NIFTY100,2022-11-14,17613.73
NIFTY100,2022-11-15,17513.09
NIFTY100,2022-11-16,17429.53
NIFTY100,2022-11-17,17395.26
NIFTY100,2022-11-18,17368.03
NIFTY100,2022-11-21,17294.11
NIFTY100,2022-11-22,17207.52
NIFTY100,2022-11-23,17185.13
NIFTY100,2022-11-24,17210.45
NIFTY100,2022-11-25,17177.51
NIFTY100,2022-11-28,17321.99
NIFTY100,2022-11-29,17388.79
NIFTY100,2022-11-30,17200.37
NIFTY100,2022-12-01,17268.58
NIFTY100,2022-12-02,17346.96
NIFTY100,2022-12-05,17299.38
NIFTY100,2022-12-06,17123.51
NIFTY100,2022-12-07,17129.61
NIFTY100,2022-12-08,17133.82
NIFTY100,2022-12-09,17004.44
NIFTY100,2022-12-12,16836.8
NIFTY100,2022-12-13,16831.53
NIFTY100,2022-12-14,16809.12
NIFTY100,2022-12-15,16765.07
NIFTY100,2022-12-16,16760.31
NIFTY100,2022-12-19,16635.95
NIFTY100,2022-12-20,16590.31
NIFTY100,2022-12-21,16657.22
NIFTY100,2022-12-22,16621.41
NIFTY100,2022-12-23,16431.87
NIFTY100,2022-12-26,16382.42
NIFTY100,2022-12-27,16264.62
NIFTY100,2022-12-28,16299.91
NIFTY100,2022-12-29,16341.18
NIFTY100,2022-12-30,16156.34
NIFTY100,2023-01-02,16247.02
NIFTY100,2023-01-03,16125.41
NIFTY100,2023-01-04,16306.25
NIFTY100,2023-01-05,16305.57
NIFTY100,2023-01-06,16168.2
NIFTY100,2023-01-09,16043.8
NIFTY100,2023-01-10,16087.71
NIFTY100,2023-01-11,16048.47
NIFTY100,2023-01-12,16042.43
NIFTY100,2023-01-13,16228.35
NIFTY100,2023-01-16,16153.78
NIFTY100,2023-01-17,16165.41
NIFTY100,2023-01-18,16330.93
NIFTY100,2023-01-19,16366.75
NIFTY100,2023-01-20,16187.6
NIFTY100,2023-01-23,16249.72
NIFTY100,2023-01-24,16122.31
NIFTY100,2023-01-25,16285.91
NIFTY100,2023-01-26,16196.99
NIFTY100,2023-01-27,16538.53
NIFTY100,2023-01-30,16713.37
NIFTY100,2023-01-31,16625.18
NIFTY100,2023-02-01,16632.5
NIFTY100,2023-02-02,16725.23
NIFTY100,2023-02-03,16822.0
NIFTY100,2023-02-06,16879.13
NIFTY100,2023-02-07,17032.14
NIFTY100,2023-02-08,17022.59
NIFTY100,2023-02-09,16984.0
NIFTY100,2023-02-10,16947.86
NIFTY100,2023-02-13,17054.78
NIFTY100,2023-02-14,17103.49
NIFTY100,2023-02-15,17143.49
NIFTY100,2023-02-16,17244.07
NIFTY100,2023-02-17,17001.66
NIFTY100,2023-02-20,17043.66
NIFTY100,2023-02-21,17074.85
NIFTY100,2023-02-22,17279.44
NIFTY100,2023-02-23,17099.73
NIFTY100,2023-02-24,17291.25
NIFTY100,2023-02-27,17305.57
NIFTY100,2023-02-28,17369.99
NIFTY100,2023-03-01,17578.98
NIFTY100,2023-03-02,17653.26
NIFTY100,2023-03-03,17708.03
NIFTY100,2023-03-06,17743.37
NIFTY100,2023-03-07,17688.65
NIFTY100,2023-03-08,17690.43
NIFTY100,2023-03-09,17607.13
NIFTY100,2023-03-10,17606.92
NIFTY100,2023-03-13,17324.3
NIFTY100,2023-03-14,17381.53
NIFTY100,2023-03-15,17371.93
NIFTY100,2023-03-16,17336.26
NIFTY100,2023-03-17,17368.13
NIFTY100,2023-03-20,17199.05
NIFTY100,2023-03-21,17436.48
NIFTY100,2023-03-22,17429.17
NIFTY100,2023-03-23,17416.6
NIFTY100,2023-03-24,17304.13
NIFTY100,2023-03-27,17312.22
NIFTY100,2023-03-28,17485.5
NIFTY100,2023-03-29,17617.54
NIFTY100,2023-03-30,17728.19
NIFTY100,2023-03-31,17801.32
NIFTY100,2023-04-03,17761.98
NIFTY100,2023-04-04,17587.01
NIFTY100,2023-04-05,17567.53
NIFTY100,2023-04-06,17543.8
NIFTY100,2023-04-07,17677.86
NIFTY100,2023-04-10,17721.45
NIFTY100,2023-04-11,17926.77
NIFTY100,2023-04-12,18082.42
NIFTY100,2023-04-13,18030.06
NIFTY100,2023-04-14,17808.91
NIFTY100,2023-04-17,17986.98
NIFTY100,2023-04-18,18163.53
NIFTY100,2023-04-19,17995.28
NIFTY100,2023-04-20,18190.79
NIFTY100,2023-04-21,18244.9
NIFTY100,2023-04-24,18270.9
NIFTY100,2023-04-25,18482.9
NIFTY100,2023-04-26,18662.43
NIFTY100,2023-04-27,18753.11
NIFTY100,2023-04-28,18820.86
NIFTY100,2023-05-01,18907.71
NIFTY100,2023-05-02,18860.43
NIFTY100,2023-05-03,18858.82
NIFTY100,2023-05-04,18745.36
NIFTY100,2023-05-05,18707.28
NIFTY100,2023-05-08,18664.88
NIFTY100,2023-05-09,18587.48
NIFTY100,2023-05-10,18610.85
NIFTY100,2023-05-11,18574.22
NIFTY100,2023-05-12,18645.1
NIFTY100,2023-05-15,18438.95
NIFTY100,2023-05-16,18429.85
NIFTY100,2023-05-17,18452.35
NIFTY100,2023-05-18,18417.76
NIFTY100,2023-05-19,18401.06
NIFTY100,2023-05-22,18202.39
NIFTY100,2023-05-23,18253.27
NIFTY100,2023-05-24,18341.5
NIFTY100,2023-05-25,18410.37
NIFTY100,2023-05-26,18549.75
NIFTY100,2023-05-29,18581.48
NIFTY100,2023-05-30,18649.32
NIFTY100,2023-05-31,18675.29
NIFTY100,2023-06-01,18770.78
NIFTY100,2023-06-02,18569.17
NIFTY100,2023-06-05,18458.59
NIFTY100,2023-06-06,18669.17
NIFTY100,2023-06-07,18353.23
NIFTY100,2023-06-08,18340.73
NIFTY100,2023-06-09,18496.73
NIFTY100,2023-06-12,18490.2
NIFTY100,2023-06-13,18443.33
NIFTY100,2023-06-14,18465.57
NIFTY100,2023-06-15,18425.47
NIFTY100,2023-06-16,18434.97
NIFTY100,2023-06-19,18352.32
NIFTY100,2023-06-20,18500.25
NIFTY100,2023-06-21,18690.12
NIFTY100,2023-06-22,18678.27
NIFTY100,2023-06-23,18502.59
NIFTY100,2023-06-26,18440.3
NIFTY100,2023-06-27,18422.08
NIFTY100,2023-06-28,18492.8
NIFTY100,2023-06-29,18367.86
NIFTY100,2023-06-30,18274.48
NIFTY100,2023-07-03,18345.28
NIFTY100,2023-07-04,18471.36
NIFTY100,2023-07-05,18396.53
NIFTY100,2023-07-06,18230.36
NIFTY100,2023-07-07,18654.93
NIFTY100,2023-07-10,18762.81
NIFTY100,2023-07-11,18733.37
NIFTY100,2023-07-12,18852.95
NIFTY100,2023-07-13,18842.18
NIFTY100,2023-07-14,18962.21
NIFTY100,2023-07-17,18989.05
NIFTY100,2023-07-18,19006.88
NIFTY100,2023-07-19,18997.47
NIFTY100,2023-07-20,18810.7
NIFTY100,2023-07-21,19071.54
NIFTY100,2023-07-24,18951.56
NIFTY100,2023-07-25,18776.83
NIFTY100,2023-07-26,18754.48
NIFTY100,2023-07-27,18633.88
NIFTY100,2023-07-28,18632.73
NIFTY100,2023-07-31,18728.02
NIFTY100,2023-08-01,18864.12
NIFTY100,2023-08-02,18977.37
NIFTY100,2023-08-03,18942.46
NIFTY100,2023-08-04,18954.72
NIFTY100,2023-08-07,19014.52
NIFTY100,2023-08-08,18786.26
NIFTY100,2023-08-09,18866.93
NIFTY100,2023-08-10,18680.13
NIFTY100,2023-08-11,18952.53
NIFTY100,2023-08-14,18904.55
NIFTY100,2023-08-15,18885.76
NIFTY100,2023-08-16,18789.67
NIFTY100,2023-08-17,18712.45
NIFTY100,2023-08-18,19015.94
NIFTY100,2023-08-21,19146.81
NIFTY100,2023-08-22,18944.92
NIFTY100,2023-08-23,19150.09
NIFTY100,2023-08-24,19315.79
NIFTY100,2023-08-25,19283.56
NIFTY100,2023-08-28,19330.74
NIFTY100,2023-08-29,19334.52
NIFTY100,2023-08-30,19607.29
NIFTY100,2023-08-31,19503.88
NIFTY100,2023-09-01,19529.67
NIFTY100,2023-09-04,19477.0
NIFTY100,2023-09-05,19287.46
NIFTY100,2023-09-06,19589.14
NIFTY100,2023-09-07,19433.0
NIFTY100,2023-09-08,19468.77
NIFTY100,2023-09-11,19237.39
NIFTY100,2023-09-12,19189.42
NIFTY100,2023-09-13,19251.86
NIFTY100,2023-09-14,19146.49
NIFTY100,2023-09-15,19230.88
NIFTY100,2023-09-18,19200.43
NIFTY100,2023-09-19,19362.11
NIFTY100,2023-09-20,19552.49
NIFTY100,2023-09-21,19478.05
NIFTY100,2023-09-22,19494.35
NIFTY100,2023-09-25,19525.24
NIFTY100,2023-09-26,19615.74
NIFTY100,2023-09-27,19623.6
NIFTY100,2023-09-28,19655.62
NIFTY100,2023-09-29,19628.02
NIFTY100,2023-10-02,19649.75
NIFTY100,2023-10-03,19834.17
NIFTY100,2023-10-04,19929.82
NIFTY100,2023-10-05,20033.63
NIFTY100,2023-10-06,20141.04
NIFTY100,2023-10-09,20125.4
NIFTY100,2023-10-10,20176.35
NIFTY100,2023-10-11,20029.14
NIFTY100,2023-10-12,20213.04
NIFTY100,2023-10-13,19825.34
NIFTY100,2023-10-16,19819.2
NIFTY100,2023-10-17,19983.42
NIFTY100,2023-10-18,19798.64
NIFTY100,2023-10-19,19859.98
NIFTY100,2023-10-20,19771.3
NIFTY100,2023-10-23,19726.19
NIFTY100,2023-10-24,19862.72
NIFTY100,2023-10-25,19896.22
NIFTY100,2023-10-26,19618.86
NIFTY100,2023-10-27,19490.65
NIFTY100,2023-10-30,19629.57
NIFTY100,2023-10-31,19697.14
NIFTY100,2023-11-01,19944.08
NIFTY100,2023-11-02,20184.98
NIFTY100,2023-11-03,20142.68
NIFTY100,2023-11-06,20501.67
NIFTY100,2023-11-07,20511.34
NIFTY100,2023-11-08,20379.27
NIFTY100,2023-11-09,20294.99
NIFTY100,2023-11-10,19980.48
NIFTY100,2023-11-13,20211.24
NIFTY100,2023-11-14,20442.93
NIFTY100,2023-11-15,20303.74
NIFTY100,2023-11-16,20277.44
NIFTY100,2023-11-17,20297.1
NIFTY100,2023-11-20,20166.74
NIFTY100,2023-11-21,19925.03
NIFTY100,2023-11-22,19901.66
NIFTY100,2023-11-23,19862.9
NIFTY100,2023-11-24,19814.86
NIFTY100,2023-11-27,19851.69
NIFTY100,2023-11-28,20056.3
NIFTY100,2023-11-29,20019.76
NIFTY100,2023-11-30,20049.65
NIFTY100,2023-12-01,20157.68
NIFTY100,2023-12-04,20241.92
NIFTY100,2023-12-05,20160.94
NIFTY100,2023-12-06,20180.58
NIFTY100,2023-12-07,20263.99
NIFTY100,2023-12-08,20110.01
NIFTY100,2023-12-11,20293.91
NIFTY100,2023-12-12,20503.37
NIFTY100,2023-12-13,20405.78
NIFTY100,2023-12-14,20439.57
NIFTY100,2023-12-15,20537.6
NIFTY100,2023-12-18,20465.32
NIFTY100,2023-12-19,20540.45
NIFTY100,2023-12-20,20570.09
NIFTY100,2023-12-21,20364.89
NIFTY100,2023-12-22,20436.46
NIFTY100,2023-12-25,20285.21
NIFTY100,2023-12-26,20424.66
NIFTY100,2023-12-27,20334.82
NIFTY100,2023-12-28,20317.96
NIFTY100,2023-12-29,20519.23
NIFTY100,2024-01-01,20596.68
NIFTY100,2024-01-02,20447.23
NIFTY100,2024-01-03,20308.1
NIFTY100,2024-01-04,20228.99
NIFTY100,2024-01-05,20290.95
NIFTY100,2024-01-08,20347.92
NIFTY100,2024-01-09,20233.94
NIFTY100,2024-01-10,20074.69
NIFTY100,2024-01-11,20120.28
NIFTY100,2024-01-12,20100.7
NIFTY100,2024-01-15,20410.27
NIFTY100,2024-01-16,20421.62
NIFTY100,2024-01-17,20687.1
NIFTY100,2024-01-18,20523.82
NIFTY100,2024-01-19,20303.96
NIFTY100,2024-01-22,20150.85
NIFTY100,2024-01-23,20324.63
NIFTY100,2024-01-24,20580.57
NIFTY100,2024-01-25,20474.06
NIFTY100,2024-01-26,20414.2
NIFTY100,2024-01-29,20253.28
NIFTY100,2024-01-30,20002.51
NIFTY100,2024-01-31,20109.1
NIFTY100,2024-02-01,20146.53
NIFTY100,2024-02-02,20154.05
NIFTY100,2024-02-05,19962.58
NIFTY100,2024-02-06,20197.73
NIFTY100,2024-02-07,20132.63
NIFTY100,2024-02-08,20213.87
NIFTY100,2024-02-09,20014.12
NIFTY100,2024-02-12,19993.43
NIFTY100,2024-02-13,20040.21
NIFTY100,2024-02-14,20092.1
NIFTY100,2024-02-15,20119.88
NIFTY100,2024-02-16,20195.56
NIFTY100,2024-02-19,20041.8
NIFTY100,2024-02-20,20075.5
NIFTY100,2024-02-21,20097.51
NIFTY100,2024-02-22,20136.13
NIFTY100,2024-02-23,20152.37
NIFTY100,2024-02-26,19978.81
NIFTY100,2024-02-27,19800.51
NIFTY100,2024-02-28,19499.54
NIFTY100,2024-02-29,19616.98
NIFTY100,2024-03-01,19736.52
NIFTY100,2024-03-04,19858.98
NIFTY100,2024-03-05,19907.59
NIFTY100,2024-03-06,19616.3
NIFTY100,2024-03-07,19481.21
NIFTY100,2024-03-08,19510.29
NIFTY100,2024-03-11,19534.65
NIFTY100,2024-03-12,19510.05
NIFTY100,2024-03-13,19566.29
NIFTY100,2024-03-14,19573.75
NIFTY100,2024-03-15,19596.17
NIFTY100,2024-03-18,19514.39
NIFTY100,2024-03-19,19654.39
NIFTY100,2024-03-20,19601.02
NIFTY100,2024-03-21,19424.32
NIFTY100,2024-03-22,19325.32
NIFTY100,2024-03-25,19283.98
NIFTY100,2024-03-26,19423.94
NIFTY100,2024-03-27,19424.02
NIFTY100,2024-03-28,19404.54
NIFTY100,2024-03-29,19240.75
NIFTY100,2024-04-01,19352.32
NIFTY100,2024-04-02,19269.8
NIFTY100,2024-04-03,19262.09
NIFTY100,2024-04-04,19467.45
NIFTY100,2024-04-05,19542.62
NIFTY100,2024-04-08,19325.74
NIFTY100,2024-04-09,19092.16
NIFTY100,2024-04-10,19089.29
NIFTY100,2024-04-11,18932.97
NIFTY100,2024-04-12,19024.6
NIFTY100,2024-04-15,19035.93
NIFTY100,2024-04-16,19063.68
NIFTY100,2024-04-17,18975.09
NIFTY100,2024-04-18,19212.08
NIFTY100,2024-04-19,19600.13
NIFTY100,2024-04-22,19567.79
NIFTY100,2024-04-23,19622.02
NIFTY100,2024-04-24,19641.28
NIFTY100,2024-04-25,19611.47
NIFTY100,2024-04-26,19503.13
NIFTY100,2024-04-29,19360.86
NIFTY100,2024-04-30,19212.76
NIFTY100,2024-05-01,19273.03
NIFTY100,2024-05-02,19208.7
NIFTY100,2024-05-03,18867.78
NIFTY100,2024-05-06,18932.2
NIFTY100,2024-05-07,18932.81
NIFTY100,2024-05-08,19116.96
NIFTY100,2024-05-09,19172.63
NIFTY100,2024-05-10,18979.93
NIFTY100,2024-05-13,18689.39
NIFTY100,2024-05-14,18600.87
NIFTY100,2024-05-15,18525.06
NIFTY100,2024-05-16,18652.92
NIFTY100,2024-05-17,18657.36
NIFTY100,2024-05-20,18811.02
NIFTY100,2024-05-21,18642.21
NIFTY100,2024-05-22,18773.76
NIFTY100,2024-05-23,18874.15
NIFTY100,2024-05-24,18613.16
NIFTY100,2024-05-27,18791.07
NIFTY100,2024-05-28,18809.0
NIFTY100,2024-05-29,18866.26
NIFTY100,2024-05-30,18757.7
NIFTY100,2024-05-31,18930.77
NIFTY100,2024-06-03,18779.31
NIFTY100,2024-06-04,18894.33
NIFTY100,2024-06-05,19008.53
NIFTY100,2024-06-06,18884.61
NIFTY100,2024-06-07,19152.46
NIFTY100,2024-06-10,19189.25
NIFTY100,2024-06-11,19282.84
NIFTY100,2024-06-12,19082.49
NIFTY100,2024-06-13,19371.1
NIFTY100,2024-06-14,19210.86
NIFTY100,2024-06-17,19354.45
NIFTY100,2024-06-18,19225.48
NIFTY100,2024-06-19,19147.95
NIFTY100,2024-06-20,19259.41
NIFTY100,2024-06-21,19403.72
NIFTY100,2024-06-24,19236.87
NIFTY100,2024-06-25,19389.48
NIFTY100,2024-06-26,19537.13
NIFTY100,2024-06-27,19414.71
NIFTY100,2024-06-28,19637.8
NIFTY100,2024-07-01,19443.42
NIFTY100,2024-07-02,19364.22
NIFTY100,2024-07-03,19434.96
NIFTY100,2024-07-04,19324.67
NIFTY100,2024-07-05,19366.15
NIFTY100,2024-07-08,19404.64
NIFTY100,2024-07-09,19385.05
NIFTY100,2024-07-10,19503.82
NIFTY100,2024-07-11,19478.5
NIFTY100,2024-07-12,19515.91
NIFTY100,2024-07-15,19678.39
NIFTY100,2024-07-16,19793.21
NIFTY100,2024-07-17,19908.05
NIFTY100,2024-07-18,19753.88
NIFTY100,2024-07-19,19832.37
NIFTY100,2024-07-22,19716.36
NIFTY100,2024-07-23,19545.42
NIFTY100,2024-07-24,19541.47
NIFTY100,2024-07-25,19423.64
NIFTY100,2024-07-26,19536.96
NIFTY100,2024-07-29,19654.22
NIFTY100,2024-07-30,19398.35
NIFTY100,2024-07-31,19291.7
NIFTY100,2024-08-01,19100.35
NIFTY100,2024-08-02,19044.23
NIFTY100,2024-08-05,19110.62
NIFTY100,2024-08-06,19083.94
NIFTY100,2024-08-07,19010.88
NIFTY100,2024-08-08,19189.61
NIFTY100,2024-08-09,18885.76
NIFTY100,2024-08-12,19054.94
NIFTY100,2024-08-13,18988.06
NIFTY100,2024-08-14,18983.37
NIFTY100,2024-08-15,18918.99
NIFTY100,2024-08-16,19128.99
NIFTY100,2024-08-19,18969.9
NIFTY100,2024-08-20,18977.15
NIFTY100,2024-08-21,19052.91
NIFTY100,2024-08-22,18843.76
NIFTY100,2024-08-23,18728.08
NIFTY100,2024-08-26,18714.27
NIFTY100,2024-08-27,18603.73
NIFTY100,2024-08-28,18503.1
NIFTY100,2024-08-29,18463.34
NIFTY100,2024-08-30,18552.83
NIFTY100,2024-09-02,18513.89
NIFTY100,2024-09-03,18659.2
NIFTY100,2024-09-04,18534.48
NIFTY100,2024-09-05,18377.61
NIFTY100,2024-09-06,18630.94
NIFTY100,2024-09-09,18550.72
NIFTY100,2024-09-10,18386.05
NIFTY100,2024-09-11,18167.36
NIFTY100,2024-09-12,18309.54
NIFTY100,2024-09-13,18271.28
NIFTY100,2024-09-16,18244.32
NIFTY100,2024-09-17,18229.46
NIFTY100,2024-09-18,18364.19
NIFTY100,2024-09-19,18346.62
NIFTY100,2024-09-20,18653.16
NIFTY100,2024-09-23,18676.22
NIFTY100,2024-09-24,18820.63
NIFTY100,2024-09-25,18932.37
NIFTY100,2024-09-26,18933.21
NIFTY100,2024-09-27,18861.1
NIFTY100,2024-09-30,18910.59
NIFTY100,2024-10-01,18983.79
NIFTY100,2024-10-02,18913.39
NIFTY100,2024-10-03,18941.09
NIFTY100,2024-10-04,19110.68
NIFTY100,2024-10-07,19393.32
NIFTY100,2024-10-08,19515.12
NIFTY100,2024-10-09,19775.44
NIFTY100,2024-10-10,19694.25
NIFTY100,2024-10-11,19796.91
NIFTY100,2024-10-14,19988.34
NIFTY100,2024-10-15,19868.93
NIFTY100,2024-10-16,19807.35
NIFTY100,2024-10-17,20054.26
NIFTY100,2024-10-18,19923.39
NIFTY100,2024-10-21,19742.33
NIFTY100,2024-10-22,19959.41
NIFTY100,2024-10-23,20132.6
NIFTY100,2024-10-24,20199.54
NIFTY100,2024-10-25,20199.14
NIFTY100,2024-10-28,20143.19
NIFTY100,2024-10-29,20188.99
NIFTY100,2024-10-30,20418.31
NIFTY100,2024-10-31,20458.53
NIFTY100,2024-11-01,20775.0
NIFTY100,2024-11-04,20650.65
NIFTY100,2024-11-05,20654.0
NIFTY100,2024-11-06,20606.26
NIFTY100,2024-11-07,20455.92
NIFTY100,2024-11-08,20440.14
NIFTY100,2024-11-11,20505.98
NIFTY100,2024-11-12,20587.38
NIFTY100,2024-11-13,20906.34
NIFTY100,2024-11-14,20980.59
NIFTY100,2024-11-15,21155.8
NIFTY100,2024-11-18,21171.93
NIFTY100,2024-11-19,21426.98
NIFTY100,2024-11-20,21793.14
NIFTY100,2024-11-21,21880.7
NIFTY100,2024-11-22,21735.22
NIFTY100,2024-11-25,21658.25
NIFTY100,2024-11-26,21707.49
NIFTY100,2024-11-27,21783.36
NIFTY100,2024-11-28,21896.4
NIFTY100,2024-11-29,21973.5
NIFTY100,2024-12-02,21981.17
NIFTY100,2024-12-03,21889.87
NIFTY100,2024-12-04,21957.91
NIFTY100,2024-12-05,22249.62
NIFTY100,2024-12-06,22415.14
NIFTY100,2024-12-09,22505.76
NIFTY100,2024-12-10,22674.71
NIFTY100,2024-12-11,22622.62
NIFTY100,2024-12-12,22548.92
NIFTY100,2024-12-13,22437.65
NIFTY100,2024-12-16,22424.71
NIFTY100,2024-12-17,22365.19
NIFTY100,2024-12-18,22561.06
NIFTY100,2024-12-19,22492.76
NIFTY100,2024-12-20,22373.12
NIFTY100,2024-12-23,22684.07
NIFTY100,2024-12-24,22619.2
NIFTY100,2024-12-25,22650.29
NIFTY100,2024-12-26,22728.65
NIFTY100,2024-12-27,22554.62
NIFTY100,2024-12-30,22756.44
NIFTY100,2024-12-31,22864.76
SENSEX,2022-01-03,18201.76
SENSEX,2022-01-04,18120.68
SENSEX,2022-01-05,18138.69
SENSEX,2022-01-06,18149.12
SENSEX,2022-01-07,18188.09
SENSEX,2022-01-10,18008.35
SENSEX,2022-01-11,18027.73
SENSEX,2022-01-12,17853.13
SENSEX,2022-01-13,17903.26
SENSEX,2022-01-14,17641.87
SENSEX,2022-01-17,17418.5
SENSEX,2022-01-18,17523.53
SENSEX,2022-01-19,17461.71
SENSEX,2022-01-20,17346.2
SENSEX,2022-01-21,17505.72
SENSEX,2022-01-24,17551.11
SENSEX,2022-01-25,17663.52
SENSEX,2022-01-26,17648.27
SENSEX,2022-01-27,17984.6
SENSEX,2022-01-28,17913.89
SENSEX,2022-01-31,18138.02
SENSEX,2022-02-01,18135.67
SENSEX,2022-02-02,17931.07
SENSEX,2022-02-03,17997.05
SENSEX,2022-02-04,18042.11
SENSEX,2022-02-07,17914.74
SENSEX,2022-02-08,17804.47
SENSEX,2022-02-09,17806.73
SENSEX,2022-02-10,17855.67
SENSEX,2022-02-11,17552.22
SENSEX,2022-02-14,17686.88
SENSEX,2022-02-15,17630.96
SENSEX,2022-02-16,17471.89
SENSEX,2022-02-17,17592.23
SENSEX,2022-02-18,17594.59
SENSEX,2022-02-21,17749.66
SENSEX,2022-02-22,17809.4
SENSEX,2022-02-23,17814.55
SENSEX,2022-02-24,17800.85
SENSEX,2022-02-25,17866.34
SENSEX,2022-02-28,17819.98
SENSEX,2022-03-01,17718.98
SENSEX,2022-03-02,17799.94
SENSEX,2022-03-03,17787.28
SENSEX,2022-03-04,17796.79
SENSEX,2022-03-07,17937.85
SENSEX,2022-03-08,17928.93
SENSEX,2022-03-09,17936.19
SENSEX,2022-03-10,17866.29
SENSEX,2022-03-11,17925.52
SENSEX,2022-03-14,17974.79
SENSEX,2022-03-15,18093.52
SENSEX,2022-03-16,18025.6
SENSEX,2022-03-17,17973.24
SENSEX,2022-03-18,18078.29
SENSEX,2022-03-21,18115.63
SENSEX,2022-03-22,18006.15
SENSEX,2022-03-23,18176.24
SENSEX,2022-03-24,17965.59
SENSEX,2022-03-25,18069.61
SENSEX,2022-03-28,17915.0
SENSEX,2022-03-29,18156.86
SENSEX,2022-03-30,17965.99
SENSEX,2022-03-31,18116.29
SENSEX,2022-04-01,18111.37
SENSEX,2022-04-04,18070.33
SENSEX,2022-04-05,18099.2
SENSEX,2022-04-06,18184.69
SENSEX,2022-04-07,18075.02
SENSEX,2022-04-08,17977.22
SENSEX,2022-04-11,18064.36
SENSEX,2022-04-12,17853.89
SENSEX,2022-04-13,17786.23
SENSEX,2022-04-14,18170.14
SENSEX,2022-04-15,18052.47
SENSEX,2022-04-18,18202.93
SENSEX,2022-04-19,18133.73
SENSEX,2022-04-20,18203.79
SENSEX,2022-04-21,18292.63
SENSEX,2022-04-22,18442.68
SENSEX,2022-04-25,18422.36
SENSEX,2022-04-26,18684.37
SENSEX,2022-04-27,18612.89
SENSEX,2022-04-28,18648.99
SENSEX,2022-04-29,18686.61
SENSEX,2022-05-02,18545.45
SENSEX,2022-05-03,18513.9
SENSEX,2022-05-04,18540.39
SENSEX,2022-05-05,18489.87
SENSEX,2022-05-06,18811.34
SENSEX,2022-05-09,18706.56
SENSEX,2022-05-10,18866.61
SENSEX,2022-05-11,18985.38
SENSEX,2022-05-12,18989.23
SENSEX,2022-05-13,18879.92
SENSEX,2022-05-16,18784.05
SENSEX,2022-05-17,18721.58
SENSEX,2022-05-18,18493.18
SENSEX,2022-05-19,18368.82
SENSEX,2022-05-20,18183.71
SENSEX,2022-05-23,18360.48
SENSEX,2022-05-24,18445.47
SENSEX,2022-05-25,18552.49
SENSEX,2022-05-26,18634.53
SENSEX,2022-05-27,18661.9
SENSEX,2022-05-30,18858.31
SENSEX,2022-05-31,18783.34
SENSEX,2022-06-01,18803.0
SENSEX,2022-06-02,18906.97
SENSEX,2022-06-03,18737.78
SENSEX,2022-06-06,19149.57
SENSEX,2022-06-07,19159.14
SENSEX,2022-06-08,19183.93
SENSEX,2022-06-09,19358.47
SENSEX,2022-06-10,19488.26
SENSEX,2022-06-13,19499.3
SENSEX,2022-06-14,19522.91
SENSEX,2022-06-15,19323.21
SENSEX,2022-06-16,19253.74
SENSEX,2022-06-17,19329.23
SENSEX,2022-06-20,19395.09
SENSEX,2022-06-21,19566.7
SENSEX,2022-06-22,19556.06
SENSEX,2022-06-23,19372.02
SENSEX,2022-06-24,19521.13
SENSEX,2022-06-27,19723.22
SENSEX,2022-06-28,19853.15
SENSEX,2022-06-29,19836.37
SENSEX,2022-06-30,19987.34
SENSEX,2022-07-01,20473.08
SENSEX,2022-07-04,20495.72
SENSEX,2022-07-05,20313.68
SENSEX,2022-07-06,20236.4
SENSEX,2022-07-07,20331.08
SENSEX,2022-07-08,20108.78
SENSEX,2022-07-11,20138.66
SENSEX,2022-07-12,20198.32
SENSEX,2022-07-13,20421.43
SENSEX,2022-07-14,20614.85
SENSEX,2022-07-15,20745.79
SENSEX,2022-07-18,20437.95
SENSEX,2022-07-19,20575.85
SENSEX,2022-07-20,20683.64
SENSEX,2022-07-21,20726.9
SENSEX,2022-07-22,20482.09
SENSEX,2022-07-25,20376.86
SENSEX,2022-07-26,20216.54
SENSEX,2022-07-27,19937.45
SENSEX,2022-07-28,19943.03
SENSEX,2022-07-29,19837.63
SENSEX,2022-08-01,20208.14
SENSEX,2022-08-02,20190.33
SENSEX,2022-08-03,20379.24
SENSEX,2022-08-04,20161.51
SENSEX,2022-08-05,20092.75
SENSEX,2022-08-08,20112.4
SENSEX,2022-08-09,19990.58
SENSEX,2022-08-10,19937.5
SENSEX,2022-08-11,19913.06
SENSEX,2022-08-12,19886.43
SENSEX,2022-08-15,20150.64
SENSEX,2022-08-16,20210.03
SENSEX,2022-08-17,20283.93
SENSEX,2022-08-18,20366.64
SENSEX,2022-08-19,20460.09
SENSEX,2022-08-22,20454.36
SENSEX,2022-08-23,20414.57
SENSEX,2022-08-24,20444.54
SENSEX,2022-08-25,20616.22
SENSEX,2022-08-26,20784.94
SENSEX,2022-08-29,20756.2
SENSEX,2022-08-30,20873.99
SENSEX,2022-08-31,20851.82
SENSEX,2022-09-01,20863.01
SENSEX,2022-09-02,20800.12
SENSEX,2022-09-05,20779.91
SENSEX,2022-09-06,20981.25
SENSEX,2022-09-07,21001.12
SENSEX,2022-09-08,21027.31
SENSEX,2022-09-09,20820.6
SENSEX,2022-09-12,20781.78
SENSEX,2022-09-13,20752.91
SENSEX,2022-09-14,20638.68
SENSEX,2022-09-15,20648.0
SENSEX,2022-09-16,20592.17
SENSEX,2022-09-19,20609.88
SENSEX,2022-09-20,20633.59
SENSEX,2022-09-21,20501.73
SENSEX,2022-09-22,20450.67
SENSEX,2022-09-23,20467.88
SENSEX,2022-09-26,20643.7
SENSEX,2022-09-27,20686.99
SENSEX,2022-09-28,20597.34
SENSEX,2022-09-29,20661.05
SENSEX,2022-09-30,20914.21
SENSEX,2022-10-03,21054.68
SENSEX,2022-10-04,21141.7
SENSEX,2022-10-05,21255.42
SENSEX,2022-10-06,21476.05
SENSEX,2022-10-07,21644.19
SENSEX,2022-10-10,21736.55
SENSEX,2022-10-11,21905.67
SENSEX,2022-10-12,21746.39
SENSEX,2022-10-13,21524.23
SENSEX,2022-10-14,21554.35
SENSEX,2022-10-17,21571.18
SENSEX,2022-10-18,21495.53
SENSEX,2022-10-19,21626.24
SENSEX,2022-10-20,21350.72
SENSEX,2022-10-21,21277.2
SENSEX,2022-10-24,21211.35
SENSEX,2022-10-25,20974.76
SENSEX,2022-10-26,21200.51
SENSEX,2022-10-27,21005.16
SENSEX,2022-10-28,20924.96
SENSEX,2022-10-31,21064.23
SENSEX,2022-11-01,21165.81
SENSEX,2022-11-02,21007.97
SENSEX,2022-11-03,21114.64
SENSEX,2022-11-04,21163.8
SENSEX,2022-11-07,21515.78
SENSEX,2022-11-08,21583.08
SENSEX,2022-11-09,21568.21
SENSEX,2022-11-10,21445.37
SENSEX,2022-11-11,21340.08
SENSEX,2022-11-14,21223.13
SENSEX,2022-11-15,21433.19
SENSEX,2022-11-16,21442.31
SENSEX,2022-11-17,21533.59
SENSEX,2022-11-18,21768.3
SENSEX,2022-11-21,21415.45
SENSEX,2022-11-22,21613.59
SENSEX,2022-11-23,21628.45
SENSEX,2022-11-24,21700.81
SENSEX,2022-11-25,21581.48
SENSEX,2022-11-28,21473.88
SENSEX,2022-11-29,21553.8
SENSEX,2022-11-30,21920.05
SENSEX,2022-12-01,22080.57
SENSEX,2022-12-02,22282.8
SENSEX,2022-12-05,22259.54
SENSEX,2022-12-06,22172.69
SENSEX,2022-12-07,22058.16
SENSEX,2022-12-08,21989.38
SENSEX,2022-12-09,21680.0
SENSEX,2022-12-12,21576.49
SENSEX,2022-12-13,21498.33
SENSEX,2022-12-14,21478.39
SENSEX,2022-12-15,21504.65
SENSEX,2022-12-16,21565.66
SENSEX,2022-12-19,21569.87
SENSEX,2022-12-20,21488.55
SENSEX,2022-12-21,21199.67
SENSEX,2022-12-22,21120.66
SENSEX,2022-12-23,20983.22
SENSEX,2022-12-26,21057.97
SENSEX,2022-12-27,21198.33
SENSEX,2022-12-28,21343.96
SENSEX,2022-12-29,21463.46
SENSEX,2022-12-30,21449.83
SENSEX,2023-01-02,21377.9
SENSEX,2023-01-03,21272.51
SENSEX,2023-01-04,21054.41
SENSEX,2023-01-05,21206.91
SENSEX,2023-01-06,21187.34
SENSEX,2023-01-09,21008.85
SENSEX,2023-01-10,20893.6
SENSEX,2023-01-11,20773.07
SENSEX,2023-01-12,20785.56
SENSEX,2023-01-13,20947.11
SENSEX,2023-01-16,20902.37
SENSEX,2023-01-17,20579.06
SENSEX,2023-01-18,20557.98
SENSEX,2023-01-19,20541.67
SENSEX,2023-01-20,20515.49
SENSEX,2023-01-23,20431.54
SENSEX,2023-01-24,20468.76
SENSEX,2023-01-25,20484.38
SENSEX,2023-01-26,20486.97
SENSEX,2023-01-27,20552.29
SENSEX,2023-01-30,20496.62
SENSEX,2023-01-31,20432.95
SENSEX,2023-02-01,20636.48
SENSEX,2023-02-02,20723.47
SENSEX,2023-02-03,20849.65
SENSEX,2023-02-06,21034.85
SENSEX,2023-02-07,21118.61
SENSEX,2023-02-08,21262.19
SENSEX,2023-02-09,21033.5
SENSEX,2023-02-10,21069.87
SENSEX,2023-02-13,21049.24
SENSEX,2023-02-14,21302.76
SENSEX,2023-02-15,21447.48
SENSEX,2023-02-16,21359.26
SENSEX,2023-02-17,21421.41
SENSEX,2023-02-20,21452.98
SENSEX,2023-02-21,21527.64
SENSEX,2023-02-22,21380.57
SENSEX,2023-02-23,21440.86
SENSEX,2023-02-24,21413.05
SENSEX,2023-02-27,21461.81
SENSEX,2023-02-28,21359.42
SENSEX,2023-03-01,21278.36
SENSEX,2023-03-02,21459.58
SENSEX,2023-03-03,21308.06
SENSEX,2023-03-06,21168.61
SENSEX,2023-03-07,21167.32
SENSEX,2023-03-08,21059.3
SENSEX,2023-03-09,20935.15
SENSEX,2023-03-10,20956.83
SENSEX,2023-03-13,20742.33
SENSEX,2023-03-14,20602.2
SENSEX,2023-03-15,20904.61
SENSEX,2023-03-16,20978.12
SENSEX,2023-03-17,20874.78
SENSEX,2023-03-20,20942.15
SENSEX,2023-03-21,21031.6
SENSEX,2023-03-22,21184.31
SENSEX,2023-03-23,21171.81
SENSEX,2023-03-24,21322.88
SENSEX,2023-03-27,21025.02
SENSEX,2023-03-28,20875.86
SENSEX,2023-03-29,20906.07
SENSEX,2023-03-30,20960.59
SENSEX,2023-03-31,20833.09
SENSEX,2023-04-03,20877.17
SENSEX,2023-04-04,20792.27
SENSEX,2023-04-05,20758.2
SENSEX,2023-04-06,20913.33
SENSEX,2023-04-07,21052.67
SENSEX,2023-04-10,20912.05
SENSEX,2023-04-11,20763.56
SENSEX,2023-04-12,20710.02
SENSEX,2023-04-13,20712.36
SENSEX,2023-04-14,20623.19
SENSEX,2023-04-17,20779.6
SENSEX,2023-04-18,20836.37
SENSEX,2023-04-19,20901.85
SENSEX,2023-04-20,20722.81
SENSEX,2023-04-21,20898.35
SENSEX,2023-04-24,20492.06
SENSEX,2023-04-25,20617.85
SENSEX,2023-04-26,20758.88
SENSEX,2023-04-27,20702.28
SENSEX,2023-04-28,20892.95
SENSEX,2023-05-01,20889.99
SENSEX,2023-05-02,20905.39
SENSEX,2023-05-03,20961.34
SENSEX,2023-05-04,21435.2
SENSEX,2023-05-05,21643.36
SENSEX,2023-05-08,21756.07
SENSEX,2023-05-09,21623.59
SENSEX,2023-05-10,21651.81
SENSEX,2023-05-11,21535.06
SENSEX,2023-05-12,21665.45
SENSEX,2023-05-15,21693.26
SENSEX,2023-05-16,21529.0
SENSEX,2023-05-17,21547.69
SENSEX,2023-05-18,21426.03
SENSEX,2023-05-19,21455.14
SENSEX,2023-05-22,21332.55
SENSEX,2023-05-23,21343.06
SENSEX,2023-05-24,21461.58
SENSEX,2023-05-25,21460.05
SENSEX,2023-05-26,21407.77
SENSEX,2023-05-29,21444.65
SENSEX,2023-05-30,21555.74
SENSEX,2023-05-31,21395.15
SENSEX,2023-06-01,21440.6
SENSEX,2023-06-02,21644.78
SENSEX,2023-06-05,21738.19
SENSEX,2023-06-06,21753.5
SENSEX,2023-06-07,21857.44
SENSEX,2023-06-08,21933.23
SENSEX,2023-06-09,22055.51
SENSEX,2023-06-12,21749.65
SENSEX,2023-06-13,21519.67
SENSEX,2023-06-14,21677.49
SENSEX,2023-06-15,21455.58
SENSEX,2023-06-16,21522.32
SENSEX,2023-06-19,21475.74
SENSEX,2023-06-20,21332.43
SENSEX,2023-06-21,21391.04
SENSEX,2023-06-22,21427.56
SENSEX,2023-06-23,21750.52
SENSEX,2023-06-26,21661.92
SENSEX,2023-06-27,21886.78
SENSEX,2023-06-28,21947.34
SENSEX,2023-06-29,21852.38
SENSEX,2023-06-30,21981.19
SENSEX,2023-07-03,22074.83
SENSEX,2023-07-04,22086.99
SENSEX,2023-07-05,22134.79
SENSEX,2023-07-06,22048.93
SENSEX,2023-07-07,21928.09
SENSEX,2023-07-10,22051.24
SENSEX,2023-07-11,22023.29
SENSEX,2023-07-12,22017.55
SENSEX,2023-07-13,22067.29
SENSEX,2023-07-14,22114.88
SENSEX,2023-07-17,21900.25
SENSEX,2023-07-18,22104.01
SENSEX,2023-07-19,22129.39
SENSEX,2023-07-20,22104.64
SENSEX,2023-07-21,22177.93
SENSEX,2023-07-24,22221.31
SENSEX,2023-07-25,22347.29
SENSEX,2023-07-26,22438.15
SENSEX,2023-07-27,22557.63
SENSEX,2023-07-28,22777.73
SENSEX,2023-07-31,22925.45
SENSEX,2023-08-01,22906.57
SENSEX,2023-08-02,22733.39
SENSEX,2023-08-03,23005.62
SENSEX,2023-08-04,22974.23
SENSEX,2023-08-07,22905.04
SENSEX,2023-08-08,22633.45
SENSEX,2023-08-09,22693.87
SENSEX,2023-08-10,22724.33
SENSEX,2023-08-11,22490.14
SENSEX,2023-08-14,22568.24
SENSEX,2023-08-15,22496.31
SENSEX,2023-08-16,22926.72
SENSEX,2023-08-17,22842.22
SENSEX,2023-08-18,22779.49
SENSEX,2023-08-21,22646.83
SENSEX,2023-08-22,22856.2
SENSEX,2023-08-23,22803.42
SENSEX,2023-08-24,22694.55
SENSEX,2023-08-25,22813.66
SENSEX,2023-08-28,22600.07
SENSEX,2023-08-29,22705.74
SENSEX,2023-08-30,22995.69
SENSEX,2023-08-31,23093.8
SENSEX,2023-09-01,23203.85
SENSEX,2023-09-04,23352.13
SENSEX,2023-09-05,23638.61
SENSEX,2023-09-06,23845.9
SENSEX,2023-09-07,23926.45
SENSEX,2023-09-08,24085.01
SENSEX,2023-09-11,23942.88
SENSEX,2023-09-12,24080.16
SENSEX,2023-09-13,23917.89
SENSEX,2023-09-14,23863.62
SENSEX,2023-09-15,23355.85
SENSEX,2023-09-18,23428.49
SENSEX,2023-09-19,23329.92
SENSEX,2023-09-20,23518.38
SENSEX,2023-09-21,23589.67
SENSEX,2023-09-22,23782.37
SENSEX,2023-09-25,23609.11
SENSEX,2023-09-26,23787.8
SENSEX,2023-09-27,24145.59
SENSEX,2023-09-28,24281.99
SENSEX,2023-09-29,24423.62
SENSEX,2023-10-02,24459.94
SENSEX,2023-10-03,24377.44
SENSEX,2023-10-04,24514.65
SENSEX,2023-10-05,24263.55
SENSEX,2023-10-06,24199.88
SENSEX,2023-10-09,23907.12
SENSEX,2023-10-10,23796.54
SENSEX,2023-10-11,23910.63
SENSEX,2023-10-12,24002.39
SENSEX,2023-10-13,24018.15
SENSEX,2023-10-16,24054.0
SENSEX,2023-10-17,23743.68
SENSEX,2023-10-18,23688.88
SENSEX,2023-10-19,23583.0
SENSEX,2023-10-20,23481.28
SENSEX,2023-10-23,23586.88
SENSEX,2023-10-24,23451.88
SENSEX,2023-10-25,23359.65
SENSEX,2023-10-26,23025.38
SENSEX,2023-10-27,22984.88
SENSEX,2023-10-30,22816.75
SENSEX,2023-10-31,22836.25
SENSEX,2023-11-01,22691.06
SENSEX,2023-11-02,22714.47
SENSEX,2023-11-03,22698.28
SENSEX,2023-11-06,22970.76
SENSEX,2023-11-07,23057.6
SENSEX,2023-11-08,22767.59
SENSEX,2023-11-09,22572.83
SENSEX,2023-11-10,22588.33
SENSEX,2023-11-13,22448.08
SENSEX,2023-11-14,21988.37
SENSEX,2023-11-15,22202.69
SENSEX,2023-11-16,22321.29
SENSEX,2023-11-17,22409.39
SENSEX,2023-11-20,22320.84
SENSEX,2023-11-21,22394.36
SENSEX,2023-11-22,22290.66
SENSEX,2023-11-23,22329.32
SENSEX,2023-11-24,22192.12
SENSEX,2023-11-27,22434.33
SENSEX,2023-11-28,22194.47
SENSEX,2023-11-29,22392.57
SENSEX,2023-11-30,22405.39
SENSEX,2023-12-01,22335.35
SENSEX,2023-12-04,22368.16
SENSEX,2023-12-05,22489.69
SENSEX,2023-12-06,22711.61
SENSEX,2023-12-07,22768.2
SENSEX,2023-12-08,22633.08
SENSEX,2023-12-11,22648.68
SENSEX,2023-12-12,22943.51
SENSEX,2023-12-13,23166.84
SENSEX,2023-12-14,23321.16
SENSEX,2023-12-15,23458.05
SENSEX,2023-12-18,23579.94
SENSEX,2023-12-19,23778.28
SENSEX,2023-12-20,23709.41
SENSEX,2023-12-21,23491.62
SENSEX,2023-12-22,23510.02
SENSEX,2023-12-25,23382.52
SENSEX,2023-12-26,23216.85
SENSEX,2023-12-27,23106.76
SENSEX,2023-12-28,23515.68
SENSEX,2023-12-29,23545.15
SENSEX,2024-01-01,23611.86
SENSEX,2024-01-02,23416.9
SENSEX,2024-01-03,23121.7
SENSEX,2024-01-04,22996.08
SENSEX,2024-01-05,23234.48
SENSEX,2024-01-08,23295.82
SENSEX,2024-01-09,23400.42
SENSEX,2024-01-10,23528.42
SENSEX,2024-01-11,23438.09
SENSEX,2024-01-12,23672.84
SENSEX,2024-01-15,23575.08
SENSEX,2024-01-16,23814.21
SENSEX,2024-01-17,23895.09
SENSEX,2024-01-18,23603.01
SENSEX,2024-01-19,23486.51
SENSEX,2024-01-22,23200.1
SENSEX,2024-01-23,23395.98
SENSEX,2024-01-24,23398.94
SENSEX,2024-01-25,23040.98
SENSEX,2024-01-26,23108.49
SENSEX,2024-01-29,23028.53
SENSEX,2024-01-30,22796.25
SENSEX,2024-01-31,23070.85
SENSEX,2024-02-01,23095.1
SENSEX,2024-02-02,23054.59
SENSEX,2024-02-05,22997.05
SENSEX,2024-02-06,22760.34
SENSEX,2024-02-07,22559.32
SENSEX,2024-02-08,22769.0
SENSEX,2024-02-09,22700.3
SENSEX,2024-02-12,22710.62
SENSEX,2024-02-13,22392.43
SENSEX,2024-02-14,22192.55
SENSEX,2024-02-15,22293.94
SENSEX,2024-02-16,22359.57
SENSEX,2024-02-19,22640.71
SENSEX,2024-02-20,22860.34
SENSEX,2024-02-21,22830.28
SENSEX,2024-02-22,22912.71
SENSEX,2024-02-23,22868.81
SENSEX,2024-02-26,23204.6
SENSEX,2024-02-27,23398.2
SENSEX,2024-02-28,23433.01
SENSEX,2024-02-29,23472.92
SENSEX,2024-03-01,23717.36
SENSEX,2024-03-04,23820.7
SENSEX,2024-03-05,24087.74
SENSEX,2024-03-06,23725.08
SENSEX,2024-03-07,23808.8
SENSEX,2024-03-08,23730.04
SENSEX,2024-03-11,24028.91
SENSEX,2024-03-12,24296.23
SENSEX,2024-03-13,24309.1
SENSEX,2024-03-14,24577.7
SENSEX,2024-03-15,24891.85
SENSEX,2024-03-18,24912.28
SENSEX,2024-03-19,25350.83
SENSEX,2024-03-20,25352.87
SENSEX,2024-03-21,25322.41
SENSEX,2024-03-22,25483.48
SENSEX,2024-03-25,25428.02
SENSEX,2024-03-26,25450.84
SENSEX,2024-03-27,25709.57
SENSEX,2024-03-28,25720.74
SENSEX,2024-03-29,25423.28
SENSEX,2024-04-01,25496.28
SENSEX,2024-04-02,25379.65
SENSEX,2024-04-03,25540.99
SENSEX,2024-04-04,25673.12
SENSEX,2024-04-05,25945.25
SENSEX,2024-04-08,26117.86
SENSEX,2024-04-09,26325.02
SENSEX,2024-04-10,26209.62
SENSEX,2024-04-11,26364.99
SENSEX,2024-04-12,26736.18
SENSEX,2024-04-15,26615.32
SENSEX,2024-04-16,26958.61
SENSEX,2024-04-17,26863.03
SENSEX,2024-04-18,26710.88
SENSEX,2024-04-19,26774.28
SENSEX,2024-04-22,26916.49
SENSEX,2024-04-23,27096.35
SENSEX,2024-04-24,26922.06
SENSEX,2024-04-25,27012.02
SENSEX,2024-04-26,26890.5
SENSEX,2024-04-29,26618.3
SENSEX,2024-04-30,26453.24
SENSEX,2024-05-01,26322.13
SENSEX,2024-05-02,26426.13
SENSEX,2024-05-03,26647.2
SENSEX,2024-05-06,26380.39
SENSEX,2024-05-07,26453.3
SENSEX,2024-05-08,26243.35
SENSEX,2024-05-09,26366.78
SENSEX,2024-05-10,26259.76
SENSEX,2024-05-13,26074.38
SENSEX,2024-05-14,26228.16
SENSEX,2024-05-15,26128.27
SENSEX,2024-05-16,26078.32
SENSEX,2024-05-17,25680.89
SENSEX,2024-05-20,25858.75
SENSEX,2024-05-21,26015.1
SENSEX,2024-05-22,26023.9
SENSEX,2024-05-23,25753.43
SENSEX,2024-05-24,25979.18
SENSEX,2024-05-27,25865.81
SENSEX,2024-05-28,25791.48
SENSEX,2024-05-29,26216.64
SENSEX,2024-05-30,26095.37
SENSEX,2024-05-31,26238.78
SENSEX,2024-06-03,26349.89
SENSEX,2024-06-04,26429.76
SENSEX,2024-06-05,26489.87
SENSEX,2024-06-06,26567.61
SENSEX,2024-06-07,26626.15
SENSEX,2024-06-10,26624.46
SENSEX,2024-06-11,26914.11
SENSEX,2024-06-12,26674.88
SENSEX,2024-06-13,26873.61
SENSEX,2024-06-14,27036.37
SENSEX,2024-06-17,27176.66
SENSEX,2024-06-18,27397.3
SENSEX,2024-06-19,27387.76
SENSEX,2024-06-20,27037.67
SENSEX,2024-06-21,27032.1
SENSEX,2024-06-24,26852.65
SENSEX,2024-06-25,26723.14
SENSEX,2024-06-26,26498.74
SENSEX,2024-06-27,26418.15
SENSEX,2024-06-28,26315.74
SENSEX,2024-07-01,25885.67
SENSEX,2024-07-02,26020.31
SENSEX,2024-07-03,26432.53
SENSEX,2024-07-04,26552.63
SENSEX,2024-07-05,26522.88
SENSEX,2024-07-08,26520.67
SENSEX,2024-07-09,26450.48
SENSEX,2024-07-10,26475.08
SENSEX,2024-07-11,26476.17
SENSEX,2024-07-12,26328.23
SENSEX,2024-07-15,26646.29
SENSEX,2024-07-16,26376.89
SENSEX,2024-07-17,26517.43
SENSEX,2024-07-18,26506.6
SENSEX,2024-07-19,26867.25
SENSEX,2024-07-22,26939.42
SENSEX,2024-07-23,26879.63
SENSEX,2024-07-24,26841.08
SENSEX,2024-07-25,26856.63
SENSEX,2024-07-26,26649.85
SENSEX,2024-07-29,26514.79
SENSEX,2024-07-30,26191.45
SENSEX,2024-07-31,26030.09
SENSEX,2024-08-01,26055.01
SENSEX,2024-08-02,26117.57
SENSEX,2024-08-05,25763.54
SENSEX,2024-08-06,25746.52
SENSEX,2024-08-07,25855.79
SENSEX,2024-08-08,25834.06
SENSEX,2024-08-09,25727.2
SENSEX,2024-08-12,25660.69
SENSEX,2024-08-13,25571.25
SENSEX,2024-08-14,25464.95
SENSEX,2024-08-15,25503.57
SENSEX,2024-08-16,25923.21
SENSEX,2024-08-19,25796.03
SENSEX,2024-08-20,25746.32
SENSEX,2024-08-21,25744.73
SENSEX,2024-08-22,25628.58
SENSEX,2024-08-23,25833.29
SENSEX,2024-08-26,25412.31
SENSEX,2024-08-27,25325.46
SENSEX,2024-08-28,25478.13
SENSEX,2024-08-29,25433.32
SENSEX,2024-08-30,25294.82
SENSEX,2024-09-02,25380.45
SENSEX,2024-09-03,25549.08
SENSEX,2024-09-04,25594.42
SENSEX,2024-09-05,25458.55
SENSEX,2024-09-06,25547.49
SENSEX,2024-09-09,25483.25
SENSEX,2024-09-10,25623.83
SENSEX,2024-09-11,25897.56
SENSEX,2024-09-12,25432.98
SENSEX,2024-09-13,25460.39
SENSEX,2024-09-16,25158.68
SENSEX,2024-09-17,25596.25
SENSEX,2024-09-18,25520.05
SENSEX,2024-09-19,25661.04
SENSEX,2024-09-20,25662.4
SENSEX,2024-09-23,25525.83
SENSEX,2024-09-24,25368.74
SENSEX,2024-09-25,25657.93
SENSEX,2024-09-26,25837.32
SENSEX,2024-09-27,26196.59
SENSEX,2024-09-30,26214.62
SENSEX,2024-10-01,26275.32
SENSEX,2024-10-02,26234.06
SENSEX,2024-10-03,26189.21
SENSEX,2024-10-04,26006.06
SENSEX,2024-10-07,26029.16
SENSEX,2024-10-08,25893.16
SENSEX,2024-10-09,25981.03
SENSEX,2024-10-10,26019.74
SENSEX,2024-10-11,26079.94
SENSEX,2024-10-14,26393.58
SENSEX,2024-10-15,26394.53
SENSEX,2024-10-16,26542.26
SENSEX,2024-10-17,26931.39
SENSEX,2024-10-18,27185.79
SENSEX,2024-10-21,27413.39
SENSEX,2024-10-22,27362.77
SENSEX,2024-10-23,27414.96
SENSEX,2024-10-24,27170.2
SENSEX,2024-10-25,27273.24
SENSEX,2024-10-28,27333.82
SENSEX,2024-10-29,27346.5
SENSEX,2024-10-30,27551.33
SENSEX,2024-10-31,27326.67
SENSEX,2024-11-01,27647.59
SENSEX,2024-11-04,27830.41
SENSEX,2024-11-05,27825.0
SENSEX,2024-11-06,27804.37
SENSEX,2024-11-07,27906.26
SENSEX,2024-11-08,28211.72
SENSEX,2024-11-11,28240.25
SENSEX,2024-11-12,28277.19
SENSEX,2024-11-13,28289.26
SENSEX,2024-11-14,28650.63
SENSEX,2024-11-15,28585.25
SENSEX,2024-11-18,28587.92
SENSEX,2024-11-19,28889.35
SENSEX,2024-11-20,28927.75
SENSEX,2024-11-21,29166.67
SENSEX,2024-11-22,28989.37
SENSEX,2024-11-25,28956.41
SENSEX,2024-11-26,29265.98
SENSEX,2024-11-27,29136.21
SENSEX,2024-11-28,29114.09
SENSEX,2024-11-29,29175.13
SENSEX,2024-12-02,28981.88
SENSEX,2024-12-03,28906.62
SENSEX,2024-12-04,28938.08
SENSEX,2024-12-05,28956.22
SENSEX,2024-12-06,29224.43
SENSEX,2024-12-09,29548.53
SENSEX,2024-12-10,29380.32
SENSEX,2024-12-11,29412.02
SENSEX,2024-12-12,29559.66
SENSEX,2024-12-13,29882.29
SENSEX,2024-12-16,30041.55
SENSEX,2024-12-17,30111.73
SENSEX,2024-12-18,30261.26
SENSEX,2024-12-19,30413.06
SENSEX,2024-12-20,30224.69
SENSEX,2024-12-23,30274.54
SENSEX,2024-12-24,30592.86
SENSEX,2024-12-25,30557.63
SENSEX,2024-12-26,30594.48
SENSEX,2024-12-27,30551.72
SENSEX,2024-12-30,30066.04
SENSEX,2024-12-31,30079.4
NIFTYMIDCAP150,2022-01-03,18043.43
NIFTYMIDCAP150,2022-01-04,17984.11
NIFTYMIDCAP150,2022-01-05,17844.15
NIFTYMIDCAP150,2022-01-06,17739.51
NIFTYMIDCAP150,2022-01-07,17839.72
NIFTYMIDCAP150,2022-01-10,18091.4
NIFTYMIDCAP150,2022-01-11,18271.9
NIFTYMIDCAP150,2022-01-12,18105.43
NIFTYMIDCAP150,2022-01-13,18219.18
NIFTYMIDCAP150,2022-01-14,18140.07
NIFTYMIDCAP150,2022-01-17,18071.57
NIFTYMIDCAP150,2022-01-18,18018.55
NIFTYMIDCAP150,2022-01-19,18113.02
NIFTYMIDCAP150,2022-01-20,18240.07
NIFTYMIDCAP150,2022-01-21,18233.03
NIFTYMIDCAP150,2022-01-24,18228.15
NIFTYMIDCAP150,2022-01-25,18292.86
NIFTYMIDCAP150,2022-01-26,18371.08
NIFTYMIDCAP150,2022-01-27,18527.85
NIFTYMIDCAP150,2022-01-28,18366.83
NIFTYMIDCAP150,2022-01-31,18374.92
NIFTYMIDCAP150,2022-02-01,18243.06
NIFTYMIDCAP150,2022-02-02,18242.02
NIFTYMIDCAP150,2022-02-03,18218.61
NIFTYMIDCAP150,2022-02-04,18218.12
NIFTYMIDCAP150,2022-02-07,18121.6
NIFTYMIDCAP150,2022-02-08,17938.37
NIFTYMIDCAP150,2022-02-09,17680.75
NIFTYMIDCAP150,2022-02-10,17669.82
NIFTYMIDCAP150,2022-02-11,17621.81
NIFTYMIDCAP150,2022-02-14,17543.72
NIFTYMIDCAP150,2022-02-15,17711.4
NIFTYMIDCAP150,2022-02-16,17610.16
NIFTYMIDCAP150,2022-02-17,17790.1
NIFTYMIDCAP150,2022-02-18,17997.65
NIFTYMIDCAP150,2022-02-21,17757.27
NIFTYMIDCAP150,2022-02-22,17774.08
NIFTYMIDCAP150,2022-02-23,17729.69
NIFTYMIDCAP150,2022-02-24,17373.63
NIFTYMIDCAP150,2022-02-25,17203.15
NIFTYMIDCAP150,2022-02-28,17301.63
NIFTYMIDCAP150,2022-03-01,17551.37
NIFTYMIDCAP150,2022-03-02,17667.53
NIFTYMIDCAP150,2022-03-03,17712.86
NIFTYMIDCAP150,2022-03-04,17715.53
NIFTYMIDCAP150,2022-03-07,17929.51
NIFTYMIDCAP150,2022-03-08,18204.5
NIFTYMIDCAP150,2022-03-09,18135.18
NIFTYMIDCAP150,2022-03-10,17886.73
NIFTYMIDCAP150,2022-03-11,17629.39
NIFTYMIDCAP150,2022-03-14,17797.81
NIFTYMIDCAP150,2022-03-15,17797.28
NIFTYMIDCAP150,2022-03-16,17825.45
NIFTYMIDCAP150,2022-03-17,17607.37
NIFTYMIDCAP150,2022-03-18,17519.82
NIFTYMIDCAP150,2022-03-21,17488.83
NIFTYMIDCAP150,2022-03-22,17519.53
NIFTYMIDCAP150,2022-03-23,17475.9
NIFTYMIDCAP150,2022-03-24,17354.24
NIFTYMIDCAP150,2022-03-25,17264.14
NIFTYMIDCAP150,2022-03-28,17415.35
NIFTYMIDCAP150,2022-03-29,17450.41
NIFTYMIDCAP150,2022-03-30,17530.42
NIFTYMIDCAP150,2022-03-31,17425.38
NIFTYMIDCAP150,2022-04-01,17070.31
NIFTYMIDCAP150,2022-04-04,17012.92
NIFTYMIDCAP150,2022-04-05,16914.82
NIFTYMIDCAP150,2022-04-06,16961.22
NIFTYMIDCAP150,2022-04-07,17356.42
NIFTYMIDCAP150,2022-04-08,17446.09
NIFTYMIDCAP150,2022-04-11,17785.44
NIFTYMIDCAP150,2022-04-12,17861.59
NIFTYMIDCAP150,2022-04-13,17788.19
NIFTYMIDCAP150,2022-04-14,17836.85
NIFTYMIDCAP150,2022-04-15,18064.53
NIFTYMIDCAP150,2022-04-18,18301.3
NIFTYMIDCAP150,2022-04-19,18233.08
NIFTYMIDCAP150,2022-04-20,18270.87
NIFTYMIDCAP150,2022-04-21,18093.55
NIFTYMIDCAP150,2022-04-22,18203.43
NIFTYMIDCAP150,2022-04-25,18406.82
NIFTYMIDCAP150,2022-04-26,18417.47
NIFTYMIDCAP150,2022-04-27,18336.96
NIFTYMIDCAP150,2022-04-28,18388.69
NIFTYMIDCAP150,2022-04-29,18447.94
NIFTYMIDCAP150,2022-05-02,18463.95
NIFTYMIDCAP150,2022-05-03,18492.59
NIFTYMIDCAP150,2022-05-04,18475.64
NIFTYMIDCAP150,2022-05-05,18609.98
NIFTYMIDCAP150,2022-05-06,18711.48
NIFTYMIDCAP150,2022-05-09,18588.32
NIFTYMIDCAP150,2022-05-10,18462.4
NIFTYMIDCAP150,2022-05-11,18435.07
NIFTYMIDCAP150,2022-05-12,18535.68
NIFTYMIDCAP150,2022-05-13,18560.45
NIFTYMIDCAP150,2022-05-16,18482.46
NIFTYMIDCAP150,2022-05-17,18521.84
NIFTYMIDCAP150,2022-05-18,18484.51
NIFTYMIDCAP150,2022-05-19,18603.98
NIFTYMIDCAP150,2022-05-20,18652.93
NIFTYMIDCAP150,2022-05-23,18617.36
NIFTYMIDCAP150,2022-05-24,18653.12
NIFTYMIDCAP150,2022-05-25,18830.43
NIFTYMIDCAP150,2022-05-26,18760.99
NIFTYMIDCAP150,2022-05-27,18819.5
NIFTYMIDCAP150,2022-05-30,18815.86
NIFTYMIDCAP150,2022-05-31,18877.75
NIFTYMIDCAP150,2022-06-01,18796.91
NIFTYMIDCAP150,2022-06-02,18817.07
NIFTYMIDCAP150,2022-06-03,18968.64
NIFTYMIDCAP150,2022-06-06,18849.91
NIFTYMIDCAP150,2022-06-07,18680.15
NIFTYMIDCAP150,2022-06-08,18516.88
NIFTYMIDCAP150,2022-06-09,18370.7
NIFTYMIDCAP150,2022-06-10,18452.77
NIFTYMIDCAP150,2022-06-13,18276.71
NIFTYMIDCAP150,2022-06-14,18244.08
NIFTYMIDCAP150,2022-06-15,18328.51
NIFTYMIDCAP150,2022-06-16,18387.47
NIFTYMIDCAP150,2022-06-17,18343.36
NIFTYMIDCAP150,2022-06-20,18373.38
NIFTYMIDCAP150,2022-06-21,18392.67
NIFTYMIDCAP150,2022-06-22,18369.32
NIFTYMIDCAP150,2022-06-23,18347.72
NIFTYMIDCAP150,2022-06-24,18640.33
NIFTYMIDCAP150,2022-06-27,18751.52
NIFTYMIDCAP150,2022-06-28,19082.76
NIFTYMIDCAP150,2022-06-29,19022.1
NIFTYMIDCAP150,2022-06-30,19016.49
NIFTYMIDCAP150,2022-07-01,18844.87
NIFTYMIDCAP150,2022-07-04,18743.73
NIFTYMIDCAP150,2022-07-05,18998.89
NIFTYMIDCAP150,2022-07-06,18935.17
NIFTYMIDCAP150,2022-07-07,19195.24
NIFTYMIDCAP150,2022-07-08,19033.93
NIFTYMIDCAP150,2022-07-11,18899.28
NIFTYMIDCAP150,2022-07-12,18859.81
NIFTYMIDCAP150,2022-07-13,18857.05
NIFTYMIDCAP150,2022-07-14,18984.55
NIFTYMIDCAP150,2022-07-15,19050.15
NIFTYMIDCAP150,2022-07-18,19000.35
NIFTYMIDCAP150,2022-07-19,18988.32
NIFTYMIDCAP150,2022-07-20,18951.61
NIFTYMIDCAP150,2022-07-21,18835.95
NIFTYMIDCAP150,2022-07-22,18724.53
NIFTYMIDCAP150,2022-07-25,18864.87
NIFTYMIDCAP150,2022-07-26,18629.11
NIFTYMIDCAP150,2022-07-27,18845.61
NIFTYMIDCAP150,2022-07-28,18806.02
NIFTYMIDCAP150,2022-07-29,18709.96
NIFTYMIDCAP150,2022-08-01,18812.46
NIFTYMIDCAP150,2022-08-02,19013.69
NIFTYMIDCAP150,2022-08-03,19168.15
NIFTYMIDCAP150,2022-08-04,19241.23
NIFTYMIDCAP150,2022-08-05,19393.4
NIFTYMIDCAP150,2022-08-08,19166.19
NIFTYMIDCAP150,2022-08-09,19101.93
NIFTYMIDCAP150,2022-08-10,18985.83
NIFTYMIDCAP150,2022-08-11,19154.28
NIFTYMIDCAP150,2022-08-12,19108.61
NIFTYMIDCAP150,2022-08-15,19227.42
NIFTYMIDCAP150,2022-08-16,19305.31
NIFTYMIDCAP150,2022-08-17,19194.57
NIFTYMIDCAP150,2022-08-18,19121.47
NIFTYMIDCAP150,2022-08-19,19300.38
NIFTYMIDCAP150,2022-08-22,19201.4
NIFTYMIDCAP150,2022-08-23,19223.95
NIFTYMIDCAP150,2022-08-24,19124.41
NIFTYMIDCAP150,2022-08-25,19088.12
NIFTYMIDCAP150,2022-08-26,19087.67
NIFTYMIDCAP150,2022-08-29,18988.8
NIFTYMIDCAP150,2022-08-30,18866.83
NIFTYMIDCAP150,2022-08-31,18910.3
NIFTYMIDCAP150,2022-09-01,18804.15
NIFTYMIDCAP150,2022-09-02,18703.09
NIFTYMIDCAP150,2022-09-05,18585.76
NIFTYMIDCAP150,2022-09-06,18581.2
NIFTYMIDCAP150,2022-09-07,18709.52
NIFTYMIDCAP150,2022-09-08,18912.43
NIFTYMIDCAP150,2022-09-09,18822.01
NIFTYMIDCAP150,2022-09-12,19110.96
NIFTYMIDCAP150,2022-09-13,18982.29
NIFTYMIDCAP150,2022-09-14,19131.96
NIFTYMIDCAP150,2022-09-15,19041.05
NIFTYMIDCAP150,2022-09-16,18930.68
NIFTYMIDCAP150,2022-09-19,18837.67
NIFTYMIDCAP150,2022-09-20,18836.4
NIFTYMIDCAP150,2022-09-21,18918.53
NIFTYMIDCAP150,2022-09-22,19012.91
NIFTYMIDCAP150,2022-09-23,18892.98
NIFTYMIDCAP150,2022-09-26,18767.77
NIFTYMIDCAP150,2022-09-27,18652.97
NIFTYMIDCAP150,2022-09-28,18644.03
NIFTYMIDCAP150,2022-09-29,18622.2
NIFTYMIDCAP150,2022-09-30,18503.92
NIFTYMIDCAP150,2022-10-03,18544.39
NIFTYMIDCAP150,2022-10-04,18843.66
NIFTYMIDCAP150,2022-10-05,18782.74
NIFTYMIDCAP150,2022-10-06,18731.38
NIFTYMIDCAP150,2022-10-07,18810.38
NIFTYMIDCAP150,2022-10-10,18742.44
NIFTYMIDCAP150,2022-10-11,18835.83
NIFTYMIDCAP150,2022-10-12,18746.74
NIFTYMIDCAP150,2022-10-13,18992.79
NIFTYMIDCAP150,2022-10-14,19044.33
NIFTYMIDCAP150,2022-10-17,18967.38
NIFTYMIDCAP150,2022-10-18,18894.91
NIFTYMIDCAP150,2022-10-19,18832.62
NIFTYMIDCAP150,2022-10-20,19019.24
NIFTYMIDCAP150,2022-10-21,18856.03
NIFTYMIDCAP150,2022-10-24,18773.53
NIFTYMIDCAP150,2022-10-25,18705.35
NIFTYMIDCAP150,2022-10-26,18708.9
NIFTYMIDCAP150,2022-10-27,18679.01
NIFTYMIDCAP150,2022-10-28,18489.63
NIFTYMIDCAP150,2022-10-31,18443.43
NIFTYMIDCAP150,2022-11-01,18436.11
NIFTYMIDCAP150,2022-11-02,18360.59
NIFTYMIDCAP150,2022-11-03,18454.36
NIFTYMIDCAP150,2022-11-04,18578.67
NIFTYMIDCAP150,2022-11-07,18574.05
NIFTYMIDCAP150,2022-11-08,18609.59
NIFTYMIDCAP150,2022-11-09,18333.66
NIFTYMIDCAP150,2022-11-10,18285.12
NIFTYMIDCAP150,2022-11-11,18419.22
NIFTYMIDCAP150,2022-11-14,18370.15
NIFTYMIDCAP150,2022-11-15,18280.85
NIFTYMIDCAP150,2022-11-16,18577.8
NIFTYMIDCAP150,2022-11-17,18819.94
NIFTYMIDCAP150,2022-11-18,18887.18
NIFTYMIDCAP150,2022-11-21,19043.43
NIFTYMIDCAP150,2022-11-22,18752.41
NIFTYMIDCAP150,2022-11-23,18654.66
NIFTYMIDCAP150,2022-11-24,18598.89
NIFTYMIDCAP150,2022-11-25,18573.74
NIFTYMIDCAP150,2022-11-28,18515.61
NIFTYMIDCAP150,2022-11-29,18190.66
NIFTYMIDCAP150,2022-11-30,18245.27
NIFTYMIDCAP150,2022-12-01,18320.18
NIFTYMIDCAP150,2022-12-02,18531.11
NIFTYMIDCAP150,2022-12-05,18434.41
NIFTYMIDCAP150,2022-12-06,18327.65
NIFTYMIDCAP150,2022-12-07,17989.33
NIFTYMIDCAP150,2022-12-08,17957.75
NIFTYMIDCAP150,2022-12-09,18076.42
NIFTYMIDCAP150,2022-12-12,18004.43
NIFTYMIDCAP150,2022-12-13,18279.97
NIFTYMIDCAP150,2022-12-14,18252.62
NIFTYMIDCAP150,2022-12-15,18276.88
NIFTYMIDCAP150,2022-12-16,18107.97
NIFTYMIDCAP150,2022-12-19,18149.81
NIFTYMIDCAP150,2022-12-20,17903.78
NIFTYMIDCAP150,2022-12-21,17996.09
NIFTYMIDCAP150,2022-12-22,18092.75
NIFTYMIDCAP150,2022-12-23,18270.33
NIFTYMIDCAP150,2022-12-26,18145.36
NIFTYMIDCAP150,2022-12-27,18171.2
NIFTYMIDCAP150,2022-12-28,18248.37
NIFTYMIDCAP150,2022-12-29,18310.34
NIFTYMIDCAP150,2022-12-30,18204.93
NIFTYMIDCAP150,2023-01-02,17905.57
NIFTYMIDCAP150,2023-01-03,17954.43
NIFTYMIDCAP150,2023-01-04,17940.65
NIFTYMIDCAP150,2023-01-05,17874.86
NIFTYMIDCAP150,2023-01-06,17975.81
NIFTYMIDCAP150,2023-01-09,17975.56
NIFTYMIDCAP150,2023-01-10,17814.95
NIFTYMIDCAP150,2023-01-11,17579.44
NIFTYMIDCAP150,2023-01-12,17445.79
NIFTYMIDCAP150,2023-01-13,17743.26
NIFTYMIDCAP150,2023-01-16,17838.35
NIFTYMIDCAP150,2023-01-17,17867.25
NIFTYMIDCAP150,2023-01-18,17849.89
NIFTYMIDCAP150,2023-01-19,17824.34
NIFTYMIDCAP150,2023-01-20,17975.31
NIFTYMIDCAP150,2023-01-23,17918.98
NIFTYMIDCAP150,2023-01-24,17996.72
NIFTYMIDCAP150,2023-01-25,17958.22
NIFTYMIDCAP150,2023-01-26,18207.5
NIFTYMIDCAP150,2023-01-27,18307.57
NIFTYMIDCAP150,2023-01-30,18472.69
NIFTYMIDCAP150,2023-01-31,18402.66
NIFTYMIDCAP150,2023-02-01,18544.49
NIFTYMIDCAP150,2023-02-02,18509.47
NIFTYMIDCAP150,2023-02-03,18529.28
NIFTYMIDCAP150,2023-02-06,18746.92
NIFTYMIDCAP150,2023-02-07,18615.7
NIFTYMIDCAP150,2023-02-08,18647.77
NIFTYMIDCAP150,2023-02-09,18710.54
NIFTYMIDCAP150,2023-02-10,18784.26
NIFTYMIDCAP150,2023-02-13,18730.62
NIFTYMIDCAP150,2023-02-14,19009.78
NIFTYMIDCAP150,2023-02-15,18843.17
NIFTYMIDCAP150,2023-02-16,19041.25
NIFTYMIDCAP150,2023-02-17,19208.92
NIFTYMIDCAP150,2023-02-20,19470.28
NIFTYMIDCAP150,2023-02-21,19259.65
NIFTYMIDCAP150,2023-02-22,19148.3
NIFTYMIDCAP150,2023-02-23,19354.02
NIFTYMIDCAP150,2023-02-24,19105.53
NIFTYMIDCAP150,2023-02-27,18896.42
NIFTYMIDCAP150,2023-02-28,18837.49
NIFTYMIDCAP150,2023-03-01,18868.46
NIFTYMIDCAP150,2023-03-02,19084.42
NIFTYMIDCAP150,2023-03-03,19065.4
NIFTYMIDCAP150,2023-03-06,18989.94
NIFTYMIDCAP150,2023-03-07,19037.03
NIFTYMIDCAP150,2023-03-08,19105.32
NIFTYMIDCAP150,2023-03-09,19170.06
NIFTYMIDCAP150,2023-03-10,19151.93
NIFTYMIDCAP150,2023-03-13,18895.57
NIFTYMIDCAP150,2023-03-14,18779.87
NIFTYMIDCAP150,2023-03-15,18972.21
NIFTYMIDCAP150,2023-03-16,19002.74
NIFTYMIDCAP150,2023-03-17,18965.54
NIFTYMIDCAP150,2023-03-20,19119.68
NIFTYMIDCAP150,2023-03-21,18974.16
NIFTYMIDCAP150,2023-03-22,18949.92
NIFTYMIDCAP150,2023-03-23,18973.88
NIFTYMIDCAP150,2023-03-24,18920.95
NIFTYMIDCAP150,2023-03-27,18939.97
NIFTYMIDCAP150,2023-03-28,18920.77
NIFTYMIDCAP150,2023-03-29,18741.11
NIFTYMIDCAP150,2023-03-30,18770.54
NIFTYMIDCAP150,2023-03-31,18601.64
NIFTYMIDCAP150,2023-04-03,18628.78
NIFTYMIDCAP150,2023-04-04,18813.56
NIFTYMIDCAP150,2023-04-05,18782.19
NIFTYMIDCAP150,2023-04-06,18633.81
NIFTYMIDCAP150,2023-04-07,18622.83
NIFTYMIDCAP150,2023-04-10,18519.97
NIFTYMIDCAP150,2023-04-11,18602.59
NIFTYMIDCAP150,2023-04-12,18588.9
NIFTYMIDCAP150,2023-04-13,18816.96
NIFTYMIDCAP150,2023-04-14,18975.79
NIFTYMIDCAP150,2023-04-17,18961.15
NIFTYMIDCAP150,2023-04-18,19061.82
NIFTYMIDCAP150,2023-04-19,19015.07
NIFTYMIDCAP150,2023-04-20,19025.29
NIFTYMIDCAP150,2023-04-21,18982.86
NIFTYMIDCAP150,2023-04-24,19090.41
NIFTYMIDCAP150,2023-04-25,19287.63
NIFTYMIDCAP150,2023-04-26,19401.24
NIFTYMIDCAP150,2023-04-27,19532.27
NIFTYMIDCAP150,2023-04-28,19664.33
NIFTYMIDCAP150,2023-05-01,19746.11
NIFTYMIDCAP150,2023-05-02,19594.56
NIFTYMIDCAP150,2023-05-03,19833.75
NIFTYMIDCAP150,2023-05-04,20090.21
NIFTYMIDCAP150,2023-05-05,20063.35
NIFTYMIDCAP150,2023-05-08,20017.31
NIFTYMIDCAP150,2023-05-09,20109.12
NIFTYMIDCAP150,2023-05-10,20192.69
NIFTYMIDCAP150,2023-05-11,20170.21
NIFTYMIDCAP150,2023-05-12,19999.76
NIFTYMIDCAP150,2023-05-15,20048.56
NIFTYMIDCAP150,2023-05-16,20131.96
NIFTYMIDCAP150,2023-05-17,20240.29
NIFTYMIDCAP150,2023-05-18,20295.85
NIFTYMIDCAP150,2023-05-19,20263.42
NIFTYMIDCAP150,2023-05-22,20410.49
NIFTYMIDCAP150,2023-05-23,20426.02
NIFTYMIDCAP150,2023-05-24,20365.68
NIFTYMIDCAP150,2023-05-25,20346.03
NIFTYMIDCAP150,2023-05-26,20103.47
NIFTYMIDCAP150,2023-05-29,20083.86
NIFTYMIDCAP150,2023-05-30,20186.67
NIFTYMIDCAP150,2023-05-31,20240.74
NIFTYMIDCAP150,2023-06-01,20462.26
NIFTYMIDCAP150,2023-06-02,20430.74
NIFTYMIDCAP150,2023-06-05,20506.56
NIFTYMIDCAP150,2023-06-06,20626.5
NIFTYMIDCAP150,2023-06-07,20970.97
NIFTYMIDCAP150,2023-06-08,20998.51
NIFTYMIDCAP150,2023-06-09,20851.32
NIFTYMIDCAP150,2023-06-12,20981.34
NIFTYMIDCAP150,2023-06-13,21261.66
NIFTYMIDCAP150,2023-06-14,21220.03
NIFTYMIDCAP150,2023-06-15,21351.33
NIFTYMIDCAP150,2023-06-16,21541.38
NIFTYMIDCAP150,2023-06-19,21701.2
NIFTYMIDCAP150,2023-06-20,21726.79
NIFTYMIDCAP150,2023-06-21,21627.08
NIFTYMIDCAP150,2023-06-22,21621.26
NIFTYMIDCAP150,2023-06-23,21697.16
NIFTYMIDCAP150,2023-06-26,21841.61
NIFTYMIDCAP150,2023-06-27,21899.21
NIFTYMIDCAP150,2023-06-28,21847.55
NIFTYMIDCAP150,2023-06-29,21939.04
NIFTYMIDCAP150,2023-06-30,22077.7
NIFTYMIDCAP150,2023-07-03,22142.99
NIFTYMIDCAP150,2023-07-04,22020.03
NIFTYMIDCAP150,2023-07-05,21998.67
NIFTYMIDCAP150,2023-07-06,22151.23
NIFTYMIDCAP150,2023-07-07,21943.42
NIFTYMIDCAP150,2023-07-10,21628.49
NIFTYMIDCAP150,2023-07-11,21863.3
NIFTYMIDCAP150,2023-07-12,21948.12
NIFTYMIDCAP150,2023-07-13,22047.93
NIFTYMIDCAP150,2023-07-14,21888.35
NIFTYMIDCAP150,2023-07-17,22007.92
NIFTYMIDCAP150,2023-07-18,22056.92
NIFTYMIDCAP150,2023-07-19,21818.92
NIFTYMIDCAP150,2023-07-20,22043.0
NIFTYMIDCAP150,2023-07-21,22074.1
NIFTYMIDCAP150,2023-07-24,22019.52
NIFTYMIDCAP150,2023-07-25,21967.86
NIFTYMIDCAP150,2023-07-26,21664.56
NIFTYMIDCAP150,2023-07-27,21761.04
NIFTYMIDCAP150,2023-07-28,21807.46
NIFTYMIDCAP150,2023-07-31,21784.38
NIFTYMIDCAP150,2023-08-01,21985.87
NIFTYMIDCAP150,2023-08-02,21779.49
NIFTYMIDCAP150,2023-08-03,21695.04
NIFTYMIDCAP150,2023-08-04,21572.46
NIFTYMIDCAP150,2023-08-07,21536.83
NIFTYMIDCAP150,2023-08-08,21553.47
NIFTYMIDCAP150,2023-08-09,21624.81
NIFTYMIDCAP150,2023-08-10,21578.77
NIFTYMIDCAP150,2023-08-11,21452.72
NIFTYMIDCAP150,2023-08-14,21712.34
NIFTYMIDCAP150,2023-08-15,22085.39
NIFTYMIDCAP150,2023-08-16,22114.17
NIFTYMIDCAP150,2023-08-17,22003.66
NIFTYMIDCAP150,2023-08-18,22237.52
NIFTYMIDCAP150,2023-08-21,22018.98
NIFTYMIDCAP150,2023-08-22,21973.99
NIFTYMIDCAP150,2023-08-23,21873.5
NIFTYMIDCAP150,2023-08-24,21702.52
NIFTYMIDCAP150,2023-08-25,21666.49
NIFTYMIDCAP150,2023-08-28,21541.93
NIFTYMIDCAP150,2023-08-29,21550.3
NIFTYMIDCAP150,2023-08-30,21560.86
NIFTYMIDCAP150,2023-08-31,21473.56
NIFTYMIDCAP150,2023-09-01,21424.31
NIFTYMIDCAP150,2023-09-04,21396.11
NIFTYMIDCAP150,2023-09-05,21523.82
NIFTYMIDCAP150,2023-09-06,21507.92
NIFTYMIDCAP150,2023-09-07,21638.53
NIFTYMIDCAP150,2023-09-08,21733.76
NIFTYMIDCAP150,2023-09-11,21827.23
NIFTYMIDCAP150,2023-09-12,22045.83
NIFTYMIDCAP150,2023-09-13,21879.7
NIFTYMIDCAP150,2023-09-14,21813.79
NIFTYMIDCAP150,2023-09-15,22089.58
NIFTYMIDCAP150,2023-09-18,22056.42
NIFTYMIDCAP150,2023-09-19,21628.4
NIFTYMIDCAP150,2023-09-20,21604.16
NIFTYMIDCAP150,2023-09-21,21631.04
NIFTYMIDCAP150,2023-09-22,21241.26
NIFTYMIDCAP150,2023-09-25,21445.97
NIFTYMIDCAP150,2023-09-26,21345.26
NIFTYMIDCAP150,2023-09-27,21400.76
NIFTYMIDCAP150,2023-09-28,21373.32
NIFTYMIDCAP150,2023-09-29,21186.98
NIFTYMIDCAP150,2023-10-02,21034.57
NIFTYMIDCAP150,2023-10-03,20903.2
NIFTYMIDCAP150,2023-10-04,21068.33
NIFTYMIDCAP150,2023-10-05,21052.89
NIFTYMIDCAP150,2023-10-06,20982.3
NIFTYMIDCAP150,2023-10-09,20851.32
NIFTYMIDCAP150,2023-10-10,21032.17
NIFTYMIDCAP150,2023-10-11,21254.04
NIFTYMIDCAP150,2023-10-12,21436.68
NIFTYMIDCAP150,2023-10-13,21517.01
NIFTYMIDCAP150,2023-10-16,21567.12
NIFTYMIDCAP150,2023-10-17,21390.02
NIFTYMIDCAP150,2023-10-18,21359.63
NIFTYMIDCAP150,2023-10-19,21263.79
NIFTYMIDCAP150,2023-10-20,20998.44
NIFTYMIDCAP150,2023-10-23,21160.12
NIFTYMIDCAP150,2023-10-24,21063.4
NIFTYMIDCAP150,2023-10-25,21246.05
NIFTYMIDCAP150,2023-10-26,21383.56
NIFTYMIDCAP150,2023-10-27,21473.31
NIFTYMIDCAP150,2023-10-30,21571.88
NIFTYMIDCAP150,2023-10-31,21485.43
NIFTYMIDCAP150,2023-11-01,21771.3
NIFTYMIDCAP150,2023-11-02,21784.4
NIFTYMIDCAP150,2023-11-03,21836.98
NIFTYMIDCAP150,2023-11-06,21744.31
NIFTYMIDCAP150,2023-11-07,21609.1
NIFTYMIDCAP150,2023-11-08,21687.78
NIFTYMIDCAP150,2023-11-09,21727.31
NIFTYMIDCAP150,2023-11-10,21613.77
NIFTYMIDCAP150,2023-11-13,21402.63
NIFTYMIDCAP150,2023-11-14,21218.79
NIFTYMIDCAP150,2023-11-15,21402.82
NIFTYMIDCAP150,2023-11-16,21317.36
NIFTYMIDCAP150,2023-11-17,21273.19
NIFTYMIDCAP150,2023-11-20,21495.54
NIFTYMIDCAP150,2023-11-21,21333.14
NIFTYMIDCAP150,2023-11-22,21230.98
NIFTYMIDCAP150,2023-11-23,21123.1
NIFTYMIDCAP150,2023-11-24,21368.68
NIFTYMIDCAP150,2023-11-27,21673.27
NIFTYMIDCAP150,2023-11-28,21793.79
NIFTYMIDCAP150,2023-11-29,21919.84
NIFTYMIDCAP150,2023-11-30,21837.37
NIFTYMIDCAP150,2023-12-01,22141.59
NIFTYMIDCAP150,2023-12-04,22189.72
NIFTYMIDCAP150,2023-12-05,22328.89
NIFTYMIDCAP150,2023-12-06,22319.09
NIFTYMIDCAP150,2023-12-07,22283.91
NIFTYMIDCAP150,2023-12-08,22550.01
NIFTYMIDCAP150,2023-12-11,22641.97
NIFTYMIDCAP150,2023-12-12,22878.8
NIFTYMIDCAP150,2023-12-13,22926.56
NIFTYMIDCAP150,2023-12-14,22797.28
NIFTYMIDCAP150,2023-12-15,22711.03
NIFTYMIDCAP150,2023-12-18,22734.21
NIFTYMIDCAP150,2023-12-19,22641.33
NIFTYMIDCAP150,2023-12-20,22472.6
NIFTYMIDCAP150,2023-12-21,22668.34
NIFTYMIDCAP150,2023-12-22,22588.68
NIFTYMIDCAP150,2023-12-25,22617.31
NIFTYMIDCAP150,2023-12-26,22670.98
NIFTYMIDCAP150,2023-12-27,22584.44
NIFTYMIDCAP150,2023-12-28,22820.58
NIFTYMIDCAP150,2023-12-29,22648.96
NIFTYMIDCAP150,2024-01-01,22697.24
NIFTYMIDCAP150,2024-01-02,22743.15
NIFTYMIDCAP150,2024-01-03,22741.34
NIFTYMIDCAP150,2024-01-04,22541.7
NIFTYMIDCAP150,2024-01-05,22685.87
NIFTYMIDCAP150,2024-01-08,22810.75
NIFTYMIDCAP150,2024-01-09,22709.72
NIFTYMIDCAP150,2024-01-10,22829.0
NIFTYMIDCAP150,2024-01-11,22895.76
NIFTYMIDCAP150,2024-01-12,22697.39
NIFTYMIDCAP150,2024-01-15,22568.52
NIFTYMIDCAP150,2024-01-16,22755.12
NIFTYMIDCAP150,2024-01-17,22811.23
NIFTYMIDCAP150,2024-01-18,22727.97
NIFTYMIDCAP150,2024-01-19,22598.21
NIFTYMIDCAP150,2024-01-22,22523.46
NIFTYMIDCAP150,2024-01-23,22460.13
NIFTYMIDCAP150,2024-01-24,22333.87
NIFTYMIDCAP150,2024-01-25,22068.27
NIFTYMIDCAP150,2024-01-26,22251.0
NIFTYMIDCAP150,2024-01-29,22408.85
NIFTYMIDCAP150,2024-01-30,22215.85
NIFTYMIDCAP150,2024-01-31,22243.71
NIFTYMIDCAP150,2024-02-01,22109.9
NIFTYMIDCAP150,2024-02-02,22076.05
NIFTYMIDCAP150,2024-02-05,22029.4
NIFTYMIDCAP150,2024-02-06,21970.03
NIFTYMIDCAP150,2024-02-07,22284.66
NIFTYMIDCAP150,2024-02-08,22222.65
NIFTYMIDCAP150,2024-02-09,22103.59
NIFTYMIDCAP150,2024-02-12,21992.23
NIFTYMIDCAP150,2024-02-13,22159.51
NIFTYMIDCAP150,2024-02-14,21909.89
NIFTYMIDCAP150,2024-02-15,21799.5
NIFTYMIDCAP150,2024-02-16,22026.82
NIFTYMIDCAP150,2024-02-19,22071.05
NIFTYMIDCAP150,2024-02-20,22107.32
NIFTYMIDCAP150,2024-02-21,22443.91
NIFTYMIDCAP150,2024-02-22,22489.34
NIFTYMIDCAP150,2024-02-23,22384.6
NIFTYMIDCAP150,2024-02-26,22347.12
NIFTYMIDCAP150,2024-02-27,22176.21
NIFTYMIDCAP150,2024-02-28,22377.82
NIFTYMIDCAP150,2024-02-29,22474.54
NIFTYMIDCAP150,2024-03-01,22658.18
NIFTYMIDCAP150,2024-03-04,22857.36
NIFTYMIDCAP150,2024-03-05,22797.95
NIFTYMIDCAP150,2024-03-06,22654.02
NIFTYMIDCAP150,2024-03-07,22652.61
NIFTYMIDCAP150,2024-03-08,22521.02
NIFTYMIDCAP150,2024-03-11,22553.78
NIFTYMIDCAP150,2024-03-12,22739.27
NIFTYMIDCAP150,2024-03-13,22719.33
NIFTYMIDCAP150,2024-03-14,22750.0
NIFTYMIDCAP150,2024-03-15,22741.88
NIFTYMIDCAP150,2024-03-18,22876.49
NIFTYMIDCAP150,2024-03-19,22776.42
NIFTYMIDCAP150,2024-03-20,22433.06
NIFTYMIDCAP150,2024-03-21,22513.73
NIFTYMIDCAP150,2024-03-22,22676.17
NIFTYMIDCAP150,2024-03-25,22753.83
NIFTYMIDCAP150,2024-03-26,22658.68
NIFTYMIDCAP150,2024-03-27,22485.45
NIFTYMIDCAP150,2024-03-28,22570.03
NIFTYMIDCAP150,2024-03-29,22599.15
NIFTYMIDCAP150,2024-04-01,22586.03
NIFTYMIDCAP150,2024-04-02,22880.94
NIFTYMIDCAP150,2024-04-03,22736.16
NIFTYMIDCAP150,2024-04-04,23025.49
NIFTYMIDCAP150,2024-04-05,23037.52
NIFTYMIDCAP150,2024-04-08,22748.42
NIFTYMIDCAP150,2024-04-09,22726.71
NIFTYMIDCAP150,2024-04-10,22886.17
NIFTYMIDCAP150,2024-04-11,22834.55
NIFTYMIDCAP150,2024-04-12,22605.67
NIFTYMIDCAP150,2024-04-15,22586.42
NIFTYMIDCAP150,2024-04-16,22457.67
NIFTYMIDCAP150,2024-04-17,22541.72
NIFTYMIDCAP150,2024-04-18,22670.52
NIFTYMIDCAP150,2024-04-19,22509.7
NIFTYMIDCAP150,2024-04-22,22405.24
NIFTYMIDCAP150,2024-04-23,22530.63
NIFTYMIDCAP150,2024-04-24,22401.94
NIFTYMIDCAP150,2024-04-25,22238.96
NIFTYMIDCAP150,2024-04-26,22062.14
NIFTYMIDCAP150,2024-04-29,22123.13
NIFTYMIDCAP150,2024-04-30,22177.64
NIFTYMIDCAP150,2024-05-01,22078.1
NIFTYMIDCAP150,2024-05-02,22085.51
NIFTYMIDCAP150,2024-05-03,22328.23
NIFTYMIDCAP150,2024-05-06,22182.69
NIFTYMIDCAP150,2024-05-07,21886.28
NIFTYMIDCAP150,2024-05-08,21962.56
NIFTYMIDCAP150,2024-05-09,21952.18
NIFTYMIDCAP150,2024-05-10,21849.66
NIFTYMIDCAP150,2024-05-13,21955.95
NIFTYMIDCAP150,2024-05-14,22091.52
NIFTYMIDCAP150,2024-05-15,21756.65
NIFTYMIDCAP150,2024-05-16,21663.79
NIFTYMIDCAP150,2024-05-17,22021.73
NIFTYMIDCAP150,2024-05-20,22118.27
NIFTYMIDCAP150,2024-05-21,22229.59
NIFTYMIDCAP150,2024-05-22,22418.77
NIFTYMIDCAP150,2024-05-23,22428.17
NIFTYMIDCAP150,2024-05-24,22559.98
NIFTYMIDCAP150,2024-05-27,22680.14
NIFTYMIDCAP150,2024-05-28,22772.53
NIFTYMIDCAP150,2024-05-29,22728.03
NIFTYMIDCAP150,2024-05-30,22762.22
NIFTYMIDCAP150,2024-05-31,22675.3
NIFTYMIDCAP150,2024-06-03,22684.14
NIFTYMIDCAP150,2024-06-04,22505.4
NIFTYMIDCAP150,2024-06-05,22387.6
NIFTYMIDCAP150,2024-06-06,22350.07
NIFTYMIDCAP150,2024-06-07,22209.13
NIFTYMIDCAP150,2024-06-10,22137.28
NIFTYMIDCAP150,2024-06-11,22118.52
NIFTYMIDCAP150,2024-06-12,22187.44
NIFTYMIDCAP150,2024-06-13,22341.53
NIFTYMIDCAP150,2024-06-14,22275.7
NIFTYMIDCAP150,2024-06-17,22490.56
NIFTYMIDCAP150,2024-06-18,22645.08
NIFTYMIDCAP150,2024-06-19,22731.78
NIFTYMIDCAP150,2024-06-20,22763.05
NIFTYMIDCAP150,2024-06-21,22820.73
NIFTYMIDCAP150,2024-06-24,23017.2
NIFTYMIDCAP150,2024-06-25,23221.25
NIFTYMIDCAP150,2024-06-26,23445.21
NIFTYMIDCAP150,2024-06-27,23459.02
NIFTYMIDCAP150,2024-06-28,23557.2
NIFTYMIDCAP150,2024-07-01,23785.81
NIFTYMIDCAP150,2024-07-02,23689.1
NIFTYMIDCAP150,2024-07-03,23643.41
NIFTYMIDCAP150,2024-07-04,23653.15
NIFTYMIDCAP150,2024-07-05,23809.2
NIFTYMIDCAP150,2024-07-08,23968.87
NIFTYMIDCAP150,2024-07-09,23937.32
NIFTYMIDCAP150,2024-07-10,23691.72
NIFTYMIDCAP150,2024-07-11,23739.65
NIFTYMIDCAP150,2024-07-12,23594.17
NIFTYMIDCAP150,2024-07-15,23355.17
NIFTYMIDCAP150,2024-07-16,23155.56
NIFTYMIDCAP150,2024-07-17,23215.4
NIFTYMIDCAP150,2024-07-18,23443.55
NIFTYMIDCAP150,2024-07-19,23456.96
NIFTYMIDCAP150,2024-07-22,23498.71
NIFTYMIDCAP150,2024-07-23,23700.34
NIFTYMIDCAP150,2024-07-24,23451.22
NIFTYMIDCAP150,2024-07-25,23543.64
NIFTYMIDCAP150,2024-07-26,23548.8
NIFTYMIDCAP150,2024-07-29,23649.17
NIFTYMIDCAP150,2024-07-30,23576.23
NIFTYMIDCAP150,2024-07-31,23448.31
NIFTYMIDCAP150,2024-08-01,23478.41
NIFTYMIDCAP150,2024-08-02,23756.5
NIFTYMIDCAP150,2024-08-05,23906.79
NIFTYMIDCAP150,2024-08-06,23829.0
NIFTYMIDCAP150,2024-08-07,23612.47
NIFTYMIDCAP150,2024-08-08,23341.53
NIFTYMIDCAP150,2024-08-09,23563.57
NIFTYMIDCAP150,2024-08-12,23413.1
NIFTYMIDCAP150,2024-08-13,23366.78
NIFTYMIDCAP150,2024-08-14,23589.9
NIFTYMIDCAP150,2024-08-15,23330.47
NIFTYMIDCAP150,2024-08-16,23581.18
NIFTYMIDCAP150,2024-08-19,23546.38
NIFTYMIDCAP150,2024-08-20,23364.13
NIFTYMIDCAP150,2024-08-21,23330.69
NIFTYMIDCAP150,2024-08-22,23219.68
NIFTYMIDCAP150,2024-08-23,23298.29
NIFTYMIDCAP150,2024-08-26,23199.58
NIFTYMIDCAP150,2024-08-27,22896.09
NIFTYMIDCAP150,2024-08-28,22867.61
NIFTYMIDCAP150,2024-08-29,22657.33
NIFTYMIDCAP150,2024-08-30,22696.53
NIFTYMIDCAP150,2024-09-02,22514.73
NIFTYMIDCAP150,2024-09-03,22444.57
NIFTYMIDCAP150,2024-09-04,22479.99
NIFTYMIDCAP150,2024-09-05,22453.3
NIFTYMIDCAP150,2024-09-06,22499.4
NIFTYMIDCAP150,2024-09-09,22613.29
NIFTYMIDCAP150,2024-09-10,22436.78
NIFTYMIDCAP150,2024-09-11,22433.4
NIFTYMIDCAP150,2024-09-12,21917.29
NIFTYMIDCAP150,2024-09-13,21961.81
NIFTYMIDCAP150,2024-09-16,21922.15
NIFTYMIDCAP150,2024-09-17,21777.81
NIFTYMIDCAP150,2024-09-18,21832.48
NIFTYMIDCAP150,2024-09-19,22018.25
NIFTYMIDCAP150,2024-09-20,21951.48
NIFTYMIDCAP150,2024-09-23,21812.89
NIFTYMIDCAP150,2024-09-24,21844.63
NIFTYMIDCAP150,2024-09-25,21646.95
NIFTYMIDCAP150,2024-09-26,21553.38
NIFTYMIDCAP150,2024-09-27,21744.27
NIFTYMIDCAP150,2024-09-30,21760.26
NIFTYMIDCAP150,2024-10-01,21480.51
NIFTYMIDCAP150,2024-10-02,21216.75
NIFTYMIDCAP150,2024-10-03,21247.19
NIFTYMIDCAP150,2024-10-04,21381.82
NIFTYMIDCAP150,2024-10-07,21146.12
NIFTYMIDCAP150,2024-10-08,21219.04
NIFTYMIDCAP150,2024-10-09,21423.0
NIFTYMIDCAP150,2024-10-10,21712.53
NIFTYMIDCAP150,2024-10-11,21769.39
NIFTYMIDCAP150,2024-10-14,21853.15
NIFTYMIDCAP150,2024-10-15,21533.39
NIFTYMIDCAP150,2024-10-16,21856.35
NIFTYMIDCAP150,2024-10-17,21774.86
NIFTYMIDCAP150,2024-10-18,21639.11
NIFTYMIDCAP150,2024-10-21,21606.95
NIFTYMIDCAP150,2024-10-22,21842.07
NIFTYMIDCAP150,2024-10-23,22186.22
NIFTYMIDCAP150,2024-10-24,22212.35
NIFTYMIDCAP150,2024-10-25,22374.2
NIFTYMIDCAP150,2024-10-28,22387.68
NIFTYMIDCAP150,2024-10-29,22231.76
NIFTYMIDCAP150,2024-10-30,22468.24
NIFTYMIDCAP150,2024-10-31,22377.14
NIFTYMIDCAP150,2024-11-01,22624.38
NIFTYMIDCAP150,2024-11-04,22836.81
NIFTYMIDCAP150,2024-11-05,22941.82
NIFTYMIDCAP150,2024-11-06,23242.43
NIFTYMIDCAP150,2024-11-07,23612.6
NIFTYMIDCAP150,2024-11-08,23590.71
NIFTYMIDCAP150,2024-11-11,23464.23
NIFTYMIDCAP150,2024-11-12,23165.06
NIFTYMIDCAP150,2024-11-13,23536.0
NIFTYMIDCAP150,2024-11-14,23470.62
NIFTYMIDCAP150,2024-11-15,23664.14
NIFTYMIDCAP150,2024-11-18,23548.46
NIFTYMIDCAP150,2024-11-19,23809.09
NIFTYMIDCAP150,2024-11-20,23699.55
NIFTYMIDCAP150,2024-11-21,23508.95
NIFTYMIDCAP150,2024-11-22,23481.69
NIFTYMIDCAP150,2024-11-25,23401.33
NIFTYMIDCAP150,2024-11-26,23506.03
NIFTYMIDCAP150,2024-11-27,23504.62
NIFTYMIDCAP150,2024-11-28,23614.95
NIFTYMIDCAP150,2024-11-29,23573.93
NIFTYMIDCAP150,2024-12-02,23471.25
NIFTYMIDCAP150,2024-12-03,23382.41
NIFTYMIDCAP150,2024-12-04,23724.13
NIFTYMIDCAP150,2024-12-05,23768.65
NIFTYMIDCAP150,2024-12-06,23445.72
NIFTYMIDCAP150,2024-12-09,23367.37
NIFTYMIDCAP150,2024-12-10,23390.23
NIFTYMIDCAP150,2024-12-11,23699.4
NIFTYMIDCAP150,2024-12-12,23877.16
NIFTYMIDCAP150,2024-12-13,23730.27
NIFTYMIDCAP150,2024-12-16,24139.11
NIFTYMIDCAP150,2024-12-17,24141.08
NIFTYMIDCAP150,2024-12-18,24358.94
NIFTYMIDCAP150,2024-12-19,24169.3
NIFTYMIDCAP150,2024-12-20,23770.82
NIFTYMIDCAP150,2024-12-23,23543.6
NIFTYMIDCAP150,2024-12-24,23014.99
NIFTYMIDCAP150,2024-12-25,23362.16
NIFTYMIDCAP150,2024-12-26,23404.25
NIFTYMIDCAP150,2024-12-27,23259.79
NIFTYMIDCAP150,2024-12-30,23340.46
NIFTYMIDCAP150,2024-12-31,23378.4
